<favourites>
    <favourite name="PHIM LẺ - HƯNG" thumb="https://www.cnet.com/a/img/resize/5daaedf6d19f6ad894d49f41ff290e59b8992eab/hub/2024/03/01/5bfc9ca7-e663-48e4-9293-fba938393a18/apple-tv-plus-great-movies-special-collection.jpg?auto=webp&width=1920">ActivateWindow(10025,"plugin://plugin.video.vietmediaF/?action=play&amp;url=https%3a%2f%2fdocs.google.com%2fspreadsheets%2fd%2f1MJFAligc7Cs-xHQArWOWmf7wdNs4mwmCDLe9EaKQ3sg%2fedit%23gid%3d0",return)</favourite>
    <favourite name="PHIM LƯU TRỮ - HƯNG" thumb="https://michaelcontiproductions.com/wp-content/uploads/2023/05/image-848x400.png">ActivateWindow(10025,"plugin://plugin.video.vietmediaF/?action=play&amp;url=https%3a%2f%2fdocs.google.com%2fspreadsheets%2fd%2f1sw9-VYei6tc5Kl8vDXLDQPUz_q1XGUBi2e_M4T9Mv14%2fedit%23gid%3d0",return)</favourite>
    <favourite name="PHIM LẺ - PHAPTX5" thumb="https://static1.dienanh.net/upload/202112/09e470c7-9dc5-45ac-9f95-22ec0b2c3f5d.jpg">ActivateWindow(10025,"plugin://plugin.video.vietmediaF/?action=play&amp;url=https%3a%2f%2fdocs.google.com%2fspreadsheets%2fd%2f1Il9yUNJA5jXWakZBVGva45T8vXbgjE_yVbkx38GtaD0%2fhtmlview",return)</favourite>
    <favourite name="PHIM BỘ - PHAPTX5" thumb="https://static1.dienanh.net/upload/202112/3e70a00d-883b-4452-b51d-0836de9a9c24.jpg">ActivateWindow(10025,"plugin://plugin.video.vietmediaF/?action=play&amp;url=https%3a%2f%2fdocs.google.com%2fspreadsheets%2fd%2f1qs6CKt8TPCX1dbn3kIkrIZ4pYJF7n_k-Smr1uI_3eJI%2fhtmlview",return)</favourite>
    <favourite name="PHIM HOẠT HÌNH - PHAPTX5" thumb="https://m.media-amazon.com/images/I/81VxuVBN1cL.jpg">ActivateWindow(10025,"plugin://plugin.video.vietmediaF/?action=play&amp;url=https%3a%2f%2fdocs.google.com%2fspreadsheets%2fd%2f1hE7hnNXMF3LLyUc1d9fDBNG89iGQJqmz34jE5uZx_lo%2fhtmlview",return)</favourite>
    <favourite name="PHIM LẺ - CANODINH">ActivateWindow(10025,"plugin://plugin.video.vietmediaF/?action=play&amp;url=https%3a%2f%2fdocs.google.com%2fspreadsheets%2fd%2f12AozWmpadrYivD68c7g5WrQn2azfsjzK3bTp2KielwM%2fedit%3fgid%3d0%23gid%3d0",return)</favourite>
</favourites>
