<?xml version="1.0" encoding="UTF-8" standalone="yes"?>
<addon id="service.subtitles.subsource-net"
       name="Subsource.net"
       version="1.0.1"
       provider-name="opensubtitles, subsource">
	<requires>
		<import addon="xbmc.python" version="3.0.0"/>
		<import addon="script.module.web-pdb" />
		<import addon="script.module.requests" version="2.30.0"/>
	</requires>
	<extension point="xbmc.subtitle.module"
             library="service.py" />
	<extension point="xbmc.addon.metadata">
		<summary lang="en_GB">OpenSubtitles.com</summary>
		<description lang="en_GB">Search and download subtitles for movies and TV-Series from subsource.net</description>
		<platform>all</platform>
		<license>GPL-2.0-only</license>
		<source>https://github.com/opensubtitlesdev/service.subtitles.opensubtitles-com</source>		
		<forum>https://forum.opensubtitles.com/t/new-kodi-extension/1673</forum>
		<website>https://www.opensubtitles.com/en</website>
		<email>cto [at] opensubtitles {dot} org</email>
		<assets>
			<icon>icon.png</icon>
		</assets>
	</extension>
</addon>
