{"content_type": "movies", "items": [{"label": "Concussion 2015 - Sang Ch\u1ea5n [COLOR yellow]IMDB 7,1[/COLOR] [COLOR red]Vietsub[/COLOR] Tinyurl 1800590", "is_playable": false, "path": "plugin://plugin.video.vietmediaF?action=play&url=https://www.fshare.vn/folder/UHK6VKYWCO4B", "thumbnail": "https://image.tmdb.org/t/p/original//gseayWAIFt3GQrEUNuUcYxT77Ud.jpg", "icon": "https://image.tmdb.org/t/p/original//gseayWAIFt3GQrEUNuUcYxT77Ud.jpg", "label2": "", "info": {"plot": "B\u1ed9 phim d\u1ef1a tr\u00ean c\u00e2u chuy\u1ec7n th\u1eadt v\u1ec1 nh\u00e0 nghi\u00ean c\u1ee9u b\u1ec7nh h\u1ecdc ph\u00e1p y, ng\u01b0\u1eddi ph\u00e1t hi\u1ec7n ra m\u1ed1i li\u00ean h\u1ec7 \u0111\u1ea7y tranh c\u00e3i gi\u1eefa ch\u1ea5n \u0111\u1ed9ng v\u00e0 r\u1ed1i lo\u1ea1n n\u00e3o c\u1ee7a c\u1ea7u th\u1ee7 gi\u1ea3i \u0111\u1ea5u NFL.", "genre": "", "rating": ""}, "art": {"fanart": "", "poster": "https://image.tmdb.org/t/p/original//gseayWAIFt3GQrEUNuUcYxT77Ud.jpg", "thumb": "https://image.tmdb.org/t/p/original//gseayWAIFt3GQrEUNuUcYxT77Ud.jpg"}}, {"label": "The Phantom of the Opera 2004 - B\u00f3ng Ma Trong Nh\u00e0 H\u00e1t [COLOR yellow]IMDB 7,2[/COLOR] [COLOR red]Vietsub[/COLOR] Tinyurl 1800589", "is_playable": false, "path": "plugin://plugin.video.vietmediaF?action=play&url=https://www.fshare.vn/folder/X27KYV61A5K6", "thumbnail": "https://image.tmdb.org/t/p/original//pFf1Xxzgxo6ffxAJeSkAb5b0P4S.jpg", "icon": "https://image.tmdb.org/t/p/original//pFf1Xxzgxo6ffxAJeSkAb5b0P4S.jpg", "label2": "", "info": {"plot": "C\u00f4 g\u00e1i xinh \u0111\u1eb9p b\u00e9 nh\u1ecf Christine tham gia trong m\u1ed9t \u0111o\u00e0n ca k\u1ecbch trong nh\u00e0 h\u00e1t. Do t\u00ednh \u0111\u00f3ng \u0111\u1ea3nh c\u1ee7a c\u00f4 ca s\u0129 ch\u00ednh, m\u1ed9t l\u1ea7n Christine \u0111\u01b0\u1ee3c tr\u1edf th\u00e0nh ng\u01b0\u1eddi h\u00e1t solo trong c\u1ea3 v\u1edf di\u1ec5n v\u00e0 \u0111\u01b0\u1ee3c kh\u00e1n gi\u1ea3 \u0111\u00f3n nh\u1eadn n\u1ed3ng nhi\u1ec7t.Christine (Emmy Rossum) lu\u00f4n linh c\u1ea3m c\u00f3 m\u1ed9t ng\u01b0\u1eddi h\u1ed9 m\u1ec7nh n\u00e0o \u0111\u00f3 lu\u00f4n \u1edf b\u00ean m\u00ecnh, truy\u1ec1n c\u1ea3m cho gi\u1ecdng h\u00e1t c\u1ee7a m\u00ecnh v\u00e0 b\u1ea3o v\u1ec7 n\u00e0ng tr\u01b0\u1edbc t\u1ea5t c\u1ea3 nh\u1eefng ai mu\u1ed1n h\u1ea1i n\u00e0ng. M\u1ed9t \u0111\u00eam n\u1ecd, sau nh\u1eefng tr\u00e0ng ph\u00e1o tay h\u00e2m m\u1ed9, ng\u1eadp tr\u00e0n trong c\u1ea3 r\u1eebng hoa ch\u00fac m\u1eebng, Christine nh\u1eadn \u0111\u01b0\u1ee3c m\u1ed9t b\u00f4ng h\u1ed3ng. R\u1ed3i nh\u01b0 m\u01a1, nh\u01b0 th\u1ef1c, n\u00e0ng \u0111\u01b0\u1ee3c m\u1ed9t ng\u01b0\u1eddi \u0111\u00e0n \u00f4ng \u0111eo m\u1eb7t n\u1ea1 (Gerard Butler) d\u1eabn s\u00e2u v\u00e0o t\u1ea7ng h\u1ea7m nh\u00e0 h\u00e1t, \u0111i \u0111\u1ebfn x\u1ee9 s\u1edf k\u1ef3 l\u1ea1 c\u1ee7a anh ta. N\u01a1i \u0111\u00f3, n\u00e0ng \u0111\u01b0\u1ee3c tr\u00e2n tr\u1ecdng nh\u01b0 m\u1ed9t n\u00e0ng c\u00f4ng ch\u00faa. Nh\u01b0ng ng\u01b0\u1eddi \u0111\u00e0n \u00f4ng nh\u1ea5", "genre": "", "rating": ""}, "art": {"fanart": "", "poster": "https://image.tmdb.org/t/p/original//pFf1Xxzgxo6ffxAJeSkAb5b0P4S.jpg", "thumb": "https://image.tmdb.org/t/p/original//pFf1Xxzgxo6ffxAJeSkAb5b0P4S.jpg"}}, {"label": "Spring Breakers 2012 - K\u1ef3 Ngh\u1ec9 Hoang D\u1ea1i [COLOR yellow]IMDB 5,3[/COLOR] [COLOR red]Vietsub[/COLOR] Tinyurl 1800587", "is_playable": false, "path": "plugin://plugin.video.vietmediaF?action=play&url=https://www.fshare.vn/folder/PDEOW718T5WX", "thumbnail": "https://image.tmdb.org/t/p/original//9tyPnyEkL44qbAliM9jMRWc6bjg.jpg", "icon": "https://image.tmdb.org/t/p/original//9tyPnyEkL44qbAliM9jMRWc6bjg.jpg", "label2": "", "info": {"plot": "Nh\u1eefng K\u1ebb C\u01b0\u1edbp G\u1ee3i C\u1ea3m n\u00f3i v\u1ec1 b\u1ed1n c\u00f4 b\u1ea1n th\u00e2n Faith, Candy, Brit v\u00e0 Cotty, h\u1ecd l\u00e0 nh\u1eefng sinh vi\u00ean \u0111\u1ea1i h\u1ecdc nh\u01b0ng l\u1ea1i c\u00f3 nh\u1eefng \u00fd t\u01b0\u1edfng t\u00e1o b\u1ea1o, h\u1ecd mu\u1ed1n c\u00f3 nh\u1eefng cu\u1ed9c phi\u00eau l\u01b0u th\u1ecfa th\u00edch nh\u01b0ng l\u1ea1i kh\u00f4ng \u0111\u1ee7 ti\u1ec1n n\u00ean h\u1ecd \u0111\u00e3 l\u00ean k\u1ebf ho\u1ea1ch \u0111i c\u01b0\u1edbp. H\u00ecnh \u1ea3nh m\u1ed9t b\u0103ng c\u01b0\u1edbp ch\u01a1i b\u1eddi \u1edf c\u00e1c v\u0169 tr\u01b0\u1eddng v\u1edbi nh\u1eefng b\u1ed9 bikini ngay l\u1eadp t\u1ee9c b\u1ecb ch\u00fa \u00fd v\u00e0 h\u1ecd b\u1ecb b\u1eaft. Spring Breakers b\u1eaft \u0111\u1ea7u nh\u1eefng chuy\u1ebfn l\u00e0m \u0103n l\u1edbn h\u01a1n khi h\u1ecd \u0111\u01b0\u1ee3c m\u1ed9t ng\u01b0\u1eddi \u0111\u00e0n \u00f4ng gi\u1ea3i c\u1ee9u, h\u1eafn l\u00e0 m\u1ed9t t\u00ean du c\u00f4n n\u1ed5i ti\u1ebfng v\u00e0 h\u1eafn b\u1eaft \u0111\u1ea7u l\u1ee3i d\u1ee5ng 4 c\u00f4 g\u00e1i tr\u1ebb n\u00e0y cho nh\u1eefng chuy\u1ec7n m\u00e0 h\u1eafn mu\u1ed1n l\u00e0m.", "genre": "", "rating": ""}, "art": {"fanart": "", "poster": "https://image.tmdb.org/t/p/original//9tyPnyEkL44qbAliM9jMRWc6bjg.jpg", "thumb": "https://image.tmdb.org/t/p/original//9tyPnyEkL44qbAliM9jMRWc6bjg.jpg"}}, {"label": "Stretch 2014 - Phi V\u1ee5 Ch\u1ebft Ng\u01b0\u1eddi [COLOR yellow]IMDB 6,5[/COLOR] [COLOR red]Vietsub[/COLOR] Tinyurl 1800584", "is_playable": false, "path": "plugin://plugin.video.vietmediaF?action=play&url=https://www.fshare.vn/folder/64TGLCN1SOQG", "thumbnail": "https://image.tmdb.org/t/p/original//pLmIFQu2fFB6YkYuYzBotKMFGqZ.jpg", "icon": "https://image.tmdb.org/t/p/original//pLmIFQu2fFB6YkYuYzBotKMFGqZ.jpg", "label2": "", "info": {"plot": "Stretch l\u00e0 m\u1ed9t ng\u01b0\u1eddi ho\u00e0n to\u00e0n kh\u00f4ng tin v\u00e0o \u0111\u1ecbnh m\u1ec7nh. Sau khi b\u1ecb b\u1ea1n g\u00e1i b\u1ecf, anh c\u00e0ng m\u1ea5t l\u00f2ng tin. Tr\u1edf th\u00e0nh m\u00f4t t\u00e0i x\u1ebf limo, d\u00ednh d\u00e1ng v\u00e0o chu\u1ed7i s\u1ef1 ki\u1ec7n li\u00ean quan \u0111\u1ebfn r\u1eeda ti\u1ec1n, FBI, t\u1ed9i ph\u1ea1m khi\u1ebfn anh hi\u1ec3u r\u1eb1ng \"vi\u1ec7c g\u00ec x\u1ea3y ra c\u0169ng c\u00f3 l\u00fd do c\u1ee7a n\u00f3\" v\u00e0 \"hi\u1ec7n th\u1ef1c c\u00e0ng ph\u0169 ph\u00e0ng, anh c\u00e0ng th\u1ec3 hi\u1ec7n m\u00ecnh t\u1ed1t h\u01a1n\". Cu\u1ed1i c\u00f9ng, nh\u01b0 m\u1ed9t s\u1ef1 s\u1eafp \u0111\u1eb7t c\u1ee7a \u0111\u1ecbnh m\u1ec7nh, anh \u0111\u00e3 t\u00ecm \u0111\u01b0\u1ee3c t\u00ecnh y\u00eau c\u1ee7a \u0111\u1eddi m\u00ecnh.", "genre": "", "rating": ""}, "art": {"fanart": "", "poster": "https://image.tmdb.org/t/p/original//pLmIFQu2fFB6YkYuYzBotKMFGqZ.jpg", "thumb": "https://image.tmdb.org/t/p/original//pLmIFQu2fFB6YkYuYzBotKMFGqZ.jpg"}}, {"label": "Babygirl 2024 - Em Y\u00eau [COLOR yellow]IMDB 6,4[/COLOR] [COLOR red]Vietsub[/COLOR] Tinyurl 1800583", "is_playable": false, "path": "plugin://plugin.video.vietmediaF?action=play&url=https://www.fshare.vn/folder/4AT2GTK3GPZJ", "thumbnail": "https://image.tmdb.org/t/p/original//A8HbTd0FemZyFCh5qvJFpHGiwF8.jpg", "icon": "https://image.tmdb.org/t/p/original//A8HbTd0FemZyFCh5qvJFpHGiwF8.jpg", "label2": "", "info": {"plot": "B\u1ed9 phim k\u1ec3 v\u1ec1 h\u00e0nh tr\u00ecnh \u0111\u1ed1i m\u1eb7t v\u1edbi nh\u1eefng \u00e1m \u1ea3nh t\u1eeb qu\u00e1 kh\u1ee9 c\u1ee7a Madison khi c\u00f4 tr\u1edf v\u1ec1 ng\u00f4i nh\u00e0 th\u1eddi th\u01a1 \u1ea5u sau c\u00e1i ch\u1ebft \u0111\u1ed9t ng\u1ed9t c\u1ee7a m\u1eb9 m\u00ecnh. Madison b\u1eaft \u0111\u1ea7u tr\u1ea3i qua nh\u1eefng hi\u1ec7n t\u01b0\u1ee3ng k\u1ef3 l\u1ea1 v\u00e0 ph\u00e1t hi\u1ec7n ra nh\u1eefng b\u00ed m\u1eadt \u0111en t\u1ed1i v\u1ec1 gia \u0111\u00ecnh m\u00ecnh, \u0111\u1ea9y c\u00f4 v\u00e0o nh\u1eefng t\u00ecnh hu\u1ed1ng nguy hi\u1ec3m v\u00e0 ph\u1ea3i \u0111\u1ed1i m\u1eb7t v\u1edbi n\u1ed7i s\u1ee3 h\u00e3i s\u00e2u th\u1eb3m nh\u1ea5t.", "genre": "", "rating": ""}, "art": {"fanart": "", "poster": "https://image.tmdb.org/t/p/original//A8HbTd0FemZyFCh5qvJFpHGiwF8.jpg", "thumb": "https://image.tmdb.org/t/p/original//A8HbTd0FemZyFCh5qvJFpHGiwF8.jpg"}}, {"label": "Invincible Swordsman - T\u00e2n Ti\u1ebfu Ng\u1ea1o Giang H\u1ed3: \u0110\u00f4ng Ph\u01b0\u01a1ng B\u1ea5t B\u1ea1i 2025 [COLOR yellow]Vi\u1ec7t Sub[/COLOR]", "is_playable": true, "path": "plugin://plugin.video.vietmediaF?action=play&url=https://www.fshare.vn/file/4HSARR8IMBETNJG", "thumbnail": "https://m.media-amazon.com/images/M/MV5BNjliNjdiZDgtMjAyNS00MmNhLWJiYmItMzdkOGZiMWMxZGFiXkEyXkFqcGc@._V1_.jpg", "icon": "https://m.media-amazon.com/images/M/MV5BNjliNjdiZDgtMjAyNS00MmNhLWJiYmItMzdkOGZiMWMxZGFiXkEyXkFqcGc@._V1_.jpg", "label2": "", "info": {"plot": "L\u1ec7nh H\u1ed3 Xung t\u00ecm c\u00e1ch b\u1ecf v\u00f5 thu\u1eadt l\u1ea1i ph\u00eda sau nh\u01b0ng l\u1ea1i b\u1ecb k\u00e9o v\u00e0o nh\u1eefng xung \u0111\u1ed9t c\u1ee7a n\u00f3. G\u1eb7p g\u1ee1 th\u1ee7 l\u0129nh gi\u00e1o ph\u00e1i qu\u1ef7 \u0110\u00f4ng Ph\u01b0\u01a1ng B\u1ea5t B\u1ea1i d\u1eabn anh v\u00e0o m\u1ed9t cu\u1ed9c h\u00e0nh tr\u00ecnh t\u00e2m linh \u0111\u1ea7y b\u1ea5t ng\u1edd.", "genre": "", "rating": ""}, "art": {"fanart": "", "poster": "https://m.media-amazon.com/images/M/MV5BNjliNjdiZDgtMjAyNS00MmNhLWJiYmItMzdkOGZiMWMxZGFiXkEyXkFqcGc@._V1_.jpg", "thumb": "https://m.media-amazon.com/images/M/MV5BNjliNjdiZDgtMjAyNS00MmNhLWJiYmItMzdkOGZiMWMxZGFiXkEyXkFqcGc@._V1_.jpg"}}, {"label": "Condor Hero - Anh H\u00f9ng X\u1ea1 \u0110i\u00eau Truy\u1ec7n: Hi\u1ec7p Chi \u0110\u1ea1i Gi\u1ea3 2025 [COLOR yellow]Vi\u1ec7t Sub[/COLOR]", "is_playable": true, "path": "plugin://plugin.video.vietmediaF?action=play&url=https://www.fshare.vn/file/88986WSWWLWJPOZ", "thumbnail": "https://mlpnk72yciwc.i.optimole.com/cqhiHLc.IIZS~2ef73/w:auto/h:auto/q:75/https://bleedingcool.com/wp-content/uploads/2025/01/The-Legend-of-the-Condor-Heroes-The-Great-Hero-Movie-Poster-3.jpg", "icon": "https://mlpnk72yciwc.i.optimole.com/cqhiHLc.IIZS~2ef73/w:auto/h:auto/q:75/https://bleedingcool.com/wp-content/uploads/2025/01/The-Legend-of-the-Condor-Heroes-The-Great-Hero-Movie-Poster-3.jpg", "label2": "", "info": {"plot": "B\u1ed9 phim \u0111\u01b0\u1ee3c chuy\u1ec3n th\u1ec3 t\u1eeb ti\u1ec3u thuy\u1ebft c\u00f9ng t\u00ean c\u1ee7a Jin Yong v\u00e0 k\u1ec3 v\u1ec1 c\u00e2u chuy\u1ec7n c\u1ee7a Yang Guo v\u00e0 Xiaolongnu, nh\u1eefng ng\u01b0\u1eddi v\u00f4 t\u00ecnh v\u01b0\u1edbng v\u00e0o nh\u1eefng xung \u0111\u1ed9t c\u1ee7a th\u1ebf gi\u1edbi v\u00f5 thu\u1eadt. Tr\u1ea3i qua nhi\u1ec1u cu\u1ed9c g\u1eb7p g\u1ee1 sinh t\u1eed, m\u1ed1i quan h\u1ec7 th\u1ea7y tr\u00f2 c\u1ee7a h\u1ecd d\u1ea7n d\u1ea7n ph\u00e1t tri\u1ec3n th\u00e0nh m\u1ed9t m\u1ed1i t\u00ecnh l\u00e3ng m\u1ea1n s\u00e2u s\u1eafc v\u00e0 kh\u00f3 qu\u00ean.", "genre": "", "rating": ""}, "art": {"fanart": "", "poster": "https://mlpnk72yciwc.i.optimole.com/cqhiHLc.IIZS~2ef73/w:auto/h:auto/q:75/https://bleedingcool.com/wp-content/uploads/2025/01/The-Legend-of-the-Condor-Heroes-The-Great-Hero-Movie-Poster-3.jpg", "thumb": "https://mlpnk72yciwc.i.optimole.com/cqhiHLc.IIZS~2ef73/w:auto/h:auto/q:75/https://bleedingcool.com/wp-content/uploads/2025/01/The-Legend-of-the-Condor-Heroes-The-Great-Hero-Movie-Poster-3.jpg"}}, {"label": "Back in Action - T\u00ecnh B\u00e1o T\u00e1i Xu\u1ea5t 2025 [COLOR yellow]Vi\u1ec7t Sub[/COLOR]", "is_playable": true, "path": "plugin://plugin.video.vietmediaF?action=play&url=https://www.fshare.vn/file/HCXG8E568BNZRJ7", "thumbnail": "https://occ-0-64-58.1.nflxso.net/dnm/api/v6/6AYY37jfdO6hpXcMjf9Yu5cnmO0/AAAABTkMzTbPGXBV_e4znj25vQdjrA99J8kFitOn6ApH3-iYLNtdKK_Zjb1i3DPqnPP9280LboubK2djcSmvFveeSq6a2osDqErrHOZW.jpg", "icon": "https://occ-0-64-58.1.nflxso.net/dnm/api/v6/6AYY37jfdO6hpXcMjf9Yu5cnmO0/AAAABTkMzTbPGXBV_e4znj25vQdjrA99J8kFitOn6ApH3-iYLNtdKK_Zjb1i3DPqnPP9280LboubK2djcSmvFveeSq6a2osDqErrHOZW.jpg", "label2": "", "info": {"plot": "M\u01b0\u1eddi l\u0103m n\u0103m sau khi bi\u1ebfn m\u1ea5t kh\u1ecfi CIA \u0111\u1ec3 l\u1eadp gia \u0111\u00ecnh, hai \u0111i\u1ec7p vi\u00ean \u01b0u t\u00fa Matt v\u00e0 Emily tr\u1edf l\u1ea1i th\u1ebf gi\u1edbi gi\u00e1n \u0111i\u1ec7p khi v\u1ecf b\u1ecdc c\u1ee7a h\u1ecd b\u1ecb b\u1ea1i l\u1ed9.", "genre": "", "rating": ""}, "art": {"fanart": "", "poster": "https://occ-0-64-58.1.nflxso.net/dnm/api/v6/6AYY37jfdO6hpXcMjf9Yu5cnmO0/AAAABTkMzTbPGXBV_e4znj25vQdjrA99J8kFitOn6ApH3-iYLNtdKK_Zjb1i3DPqnPP9280LboubK2djcSmvFveeSq6a2osDqErrHOZW.jpg", "thumb": "https://occ-0-64-58.1.nflxso.net/dnm/api/v6/6AYY37jfdO6hpXcMjf9Yu5cnmO0/AAAABTkMzTbPGXBV_e4znj25vQdjrA99J8kFitOn6ApH3-iYLNtdKK_Zjb1i3DPqnPP9280LboubK2djcSmvFveeSq6a2osDqErrHOZW.jpg"}}, {"label": "Hidden Face - Gi\u1ea5u M\u1eb7t 2024 [COLOR yellow]Vi\u1ec7t Sub[/COLOR]", "is_playable": true, "path": "plugin://plugin.video.vietmediaF?action=play&url=https://www.fshare.vn/file/N7PP6E6GIUIR1IA", "thumbnail": "https://m.media-amazon.com/images/M/MV5BNzE2OWMzMDAtZTAwMS00YzBlLWE5Y2MtOWZjYWE5Mzg3ZTIwXkEyXkFqcGc@._V1_FMjpg_UX1000_.jpg", "icon": "https://m.media-amazon.com/images/M/MV5BNzE2OWMzMDAtZTAwMS00YzBlLWE5Y2MtOWZjYWE5Mzg3ZTIwXkEyXkFqcGc@._V1_FMjpg_UX1000_.jpg", "label2": "", "info": {"plot": "Hidden Face l\u00e0 b\u1ed9 phim H\u00e0n Qu\u1ed1c g\u1eafn m\u00e1c 19+ l\u00e0m m\u01b0a l\u00e0m gi\u00f3 t\u1ea1i qu\u00ea nh\u00e0 th\u1eddi \u0111i\u1ec3m cu\u1ed1i 2024, \u0111\u1ea7u 2025. Phim ghi nh\u1eadn h\u01a1n 1 tri\u1ec7u v\u00e9 khi ph\u00e1t h\u00e0nh \u1edf H\u00e0n v\u00e0 h\u01a1n 4 tri\u1ec7u v\u00e9 khi ra m\u1eaft tr\u00ean th\u1ecb tr\u01b0\u1eddng qu\u1ed1c t\u1ebf. V\u1edbi th\u00e0nh t\u00edch n\u00e0y, Hidden Face tr\u1edf th\u00e0nh b\u1ed9 phim H\u00e0n 19+ duy nh\u1ea5t trong 5 n\u0103m qua ghi nh\u1eadn \u0111\u01b0\u1ee3c d\u1ea5u m\u1ed1c 1 tri\u1ec7u v\u00e9 t\u1ea1i qu\u00ea nh\u00e0", "genre": "", "rating": ""}, "art": {"fanart": "", "poster": "https://m.media-amazon.com/images/M/MV5BNzE2OWMzMDAtZTAwMS00YzBlLWE5Y2MtOWZjYWE5Mzg3ZTIwXkEyXkFqcGc@._V1_FMjpg_UX1000_.jpg", "thumb": "https://m.media-amazon.com/images/M/MV5BNzE2OWMzMDAtZTAwMS00YzBlLWE5Y2MtOWZjYWE5Mzg3ZTIwXkEyXkFqcGc@._V1_FMjpg_UX1000_.jpg"}}, {"label": "Kraven the Hunter - Th\u1ee3 S\u0103n Th\u1ee7 L\u0129nh 2024 [COLOR yellow]Vi\u1ec7t Sub[/COLOR]", "is_playable": true, "path": "plugin://plugin.video.vietmediaF?action=play&url=https://www.fshare.vn/file/K15E9VAJM928OJD", "thumbnail": "https://cinema.momocdn.net/img/57281537378996882-8fAo9UwsmQPTqJyi9vpQZsJ2XOh.jpg", "icon": "https://cinema.momocdn.net/img/57281537378996882-8fAo9UwsmQPTqJyi9vpQZsJ2XOh.jpg", "label2": "", "info": {"plot": "Sergei Kravinoff (Aaron Taylor-Johnson th\u1ee7 vai) c\u00f9ng b\u1ed1 c\u1ee7a anh \u0111i s\u0103n \u1edf Ch\u00e2u Phi. B\u1ed1 c\u1ee7a Sergei Kravinoff l\u00e0 m\u1ed9t tay s\u0103n l\u00e3o luy\u1ec7n. Khi Sergei b\u1ecb m\u1ed9t con s\u01b0 t\u1eed t\u1ea5n c\u00f4ng, b\u1ed1 c\u1ee7a anh cho r\u1eb1ng anh ch\u1ec9 l\u00e0 m\u1ed9t k\u1ebb y\u1ebfu \u0111u\u1ed1i. M\u1eb7c d\u00f9 b\u1ecb s\u01b0 t\u1eed c\u1eafn v\u00e0 b\u1ecb ch\u00ednh b\u1ed1 m\u00ecnh b\u1ecf m\u1eb7c, nh\u01b0ng Sergei \u0111\u00e3 kh\u00f4ng ch\u1ebft m\u00e0 thay v\u00e0o \u0111\u00f3, v\u1ebft c\u1eafn l\u1ea1i cho Sergei m\u1ed9t s\u1ee9c m\u1ea1nh phi th\u01b0\u1eddng. C\u0169ng t\u1eeb \u0111\u00e2y, g\u00e3 nh\u1eadp c\u01b0 Sergei Kravinoff \u0111ang th\u1ef1c hi\u1ec7n nhi\u1ec7m v\u1ee5 ch\u1ee9ng minh r\u1eb1ng anh ta l\u00e0 th\u1ee3 s\u0103n v\u0129 \u0111\u1ea1i nh\u1ea5t th\u1ebf gi\u1edbi.", "genre": "", "rating": ""}, "art": {"fanart": "", "poster": "https://cinema.momocdn.net/img/57281537378996882-8fAo9UwsmQPTqJyi9vpQZsJ2XOh.jpg", "thumb": "https://cinema.momocdn.net/img/57281537378996882-8fAo9UwsmQPTqJyi9vpQZsJ2XOh.jpg"}}, {"label": "N\u1eef Tu B\u00f3ng T\u1ed1i - Dark Nuns 2025 (Ph\u1ee5 \u0110\u1ec1)", "is_playable": false, "path": "plugin://plugin.video.vietmediaF?action=play&url=https://www.fshare.vn/folder/TFDA27HK3GR6", "thumbnail": "https://dcine.vn/Areas/Admin/Content/Fileuploads/images/POSTER/nutubongtoiPoster.jpg", "icon": "https://dcine.vn/Areas/Admin/Content/Fileuploads/images/POSTER/nutubongtoiPoster.jpg", "label2": "", "info": {"plot": "Hai n\u1eef tu Junia (Song Hye-kyo) v\u00e0 Michaela (Jeon Yeo-been) d\u00f9ng m\u1ecdi n\u1ed7 l\u1ef1c th\u1ef1c hi\u1ec7n nghi l\u1ec5 tr\u1eeb t\u00e0 \u0111\u1ec3 c\u1ee9u r\u1ed7i c\u1eadu b\u00e9 Hee Joon \u0111ang b\u1ecb linh h\u1ed3n t\u00e0 \u00e1c chi\u1ebfm gi\u1eef. M\u1ed9t cu\u1ed9c chi\u1ebfn kh\u00f4ng h\u1ed3i k\u1ebft gi\u1eefa \u0111\u1ee9c tin v\u00e0 qu\u1ef7 d\u1eef, gi\u1eefa b\u00ed \u1ea9n t\u00e2m linh v\u00e0 ni\u1ec1m tin y h\u1ecdc.", "genre": "", "rating": ""}, "art": {"fanart": "", "poster": "https://dcine.vn/Areas/Admin/Content/Fileuploads/images/POSTER/nutubongtoiPoster.jpg", "thumb": "https://dcine.vn/Areas/Admin/Content/Fileuploads/images/POSTER/nutubongtoiPoster.jpg"}}, {"label": "M\u00f4n Ti\u1ec1n B\u1ea3o \u0110\u1ecba - 100 Yards 2023 (Ph\u1ee5 \u0110\u1ec1)", "is_playable": false, "path": "plugin://plugin.video.vietmediaF?action=play&url=https://www.fshare.vn/folder/2RDDFR8NA6QX", "thumbnail": "https://www.themoviedb.org/t/p/w1280/l5FisQkZyHbPRctNCXcWhIE2M1l.jpg", "icon": "https://www.themoviedb.org/t/p/w1280/l5FisQkZyHbPRctNCXcWhIE2M1l.jpg", "label2": "", "info": {"plot": "L\u1ea5y b\u1ed1i c\u1ea3nh v\u00e0o n\u0103m 1920, tr\u01b0\u1edbc khi qua \u0111\u1eddi, tr\u01b0\u1edfng m\u00f4n c\u1ee7a m\u1ed9t l\u00f2 v\u00f5 \u1edf Thi\u00ean T\u00e2n quy\u1ebft \u0111\u1ecbnh kh\u00f4ng ch\u1ecdn con trai m\u00ecnh l\u00e0 Th\u1ea9m Ng\u1ea1n \u0111\u1ec3 k\u1ebf th\u1eeba s\u1ef1 nghi\u1ec7p v\u00ec mu\u1ed1n c\u1eadu t\u1eeb b\u1ecf vi\u1ec7c luy\u1ec7n t\u1eadp v\u00f5 thu\u1eadt. D\u1eabu v\u1eady nhi\u1ec1u n\u0103m sau, khi v\u1ecb tr\u01b0\u1edfng m\u00f4n m\u1edbi b\u1eaft \u0111\u1ea7u g\u00e2y ra nh\u1eefng b\u1ea5t b\u00ecnh, c\u00e1c \u0111\u1ec7 t\u1eed t\u1ea1i \u0111\u00e2y quy\u1ebft \u0111\u1ecbnh m\u1eddi Th\u1ea9m Ng\u1ea1n tr\u1edf l\u1ea1i. D\u1eabu v\u1eady, ch\u1eb7ng \u0111\u01b0\u1eddng n\u00e0y c\u00f2n nhi\u1ec1u kh\u00f3 kh\u0103n v\u00e0 th\u1eed th\u00e1ch", "genre": "", "rating": ""}, "art": {"fanart": "", "poster": "https://www.themoviedb.org/t/p/w1280/l5FisQkZyHbPRctNCXcWhIE2M1l.jpg", "thumb": "https://www.themoviedb.org/t/p/w1280/l5FisQkZyHbPRctNCXcWhIE2M1l.jpg"}}, {"label": "Chi\u1ebfn Binh Qu\u1ea3 C\u1ea3m - Valiant One 2025 (Ph\u1ee5 \u0110\u1ec1)", "is_playable": false, "path": "plugin://plugin.video.vietmediaF?action=play&url=https://www.fshare.vn/folder/928RWWKT8BKQ", "thumbnail": "https://m.media-amazon.com/images/M/MV5BNjczYmYxNjQtODgzNy00MTFkLTg3NmEtZWIxNWY1Y2JhOTFkXkEyXkFqcGc@._V1_.jpg", "icon": "https://m.media-amazon.com/images/M/MV5BNjczYmYxNjQtODgzNy00MTFkLTg3NmEtZWIxNWY1Y2JhOTFkXkEyXkFqcGc@._V1_.jpg", "label2": "", "info": {"plot": "V\u1edbi c\u0103ng th\u1eb3ng gi\u1eefa B\u1eafc v\u00e0 Nam Tri\u1ec1u Ti\u00ean, m\u1ed9t chi\u1ebfc tr\u1ef1c th\u0103ng c\u1ee7a Hoa K\u1ef3 b\u1ecb r\u01a1i \u1edf ph\u00eda B\u1eafc Tri\u1ec1u Ti\u00ean. B\u00e2y gi\u1edd nh\u1eefng ng\u01b0\u1eddi s\u1ed1ng s\u00f3t ph\u1ea3i h\u1ee3p t\u00e1c v\u1edbi nhau \u0111\u1ec3 b\u1ea3o v\u1ec7 m\u1ed9t chuy\u00ean gia c\u00f4ng ngh\u1ec7 d\u00e2n s\u1ef1 v\u00e0 t\u00ecm \u0111\u01b0\u1eddng tho\u00e1t m\u00e0 kh\u00f4ng c\u1ea7n s\u1ef1 h\u1ed7 tr\u1ee3 c\u1ee7a qu\u00e2n \u0111\u1ed9i Hoa K\u1ef3.", "genre": "", "rating": ""}, "art": {"fanart": "", "poster": "https://m.media-amazon.com/images/M/MV5BNjczYmYxNjQtODgzNy00MTFkLTg3NmEtZWIxNWY1Y2JhOTFkXkEyXkFqcGc@._V1_.jpg", "thumb": "https://m.media-amazon.com/images/M/MV5BNjczYmYxNjQtODgzNy00MTFkLTg3NmEtZWIxNWY1Y2JhOTFkXkEyXkFqcGc@._V1_.jpg"}}, {"label": "C\u00e1m 2024", "is_playable": false, "path": "plugin://plugin.video.vietmediaF?action=play&url=https://www.fshare.vn/folder/AZTXYOCA6RZH", "thumbnail": "https://m.media-amazon.com/images/M/MV5BNzZjNTFmM2UtMWExMi00YTY3LTg2NzAtYTMxYzYwZmZkZDIyXkEyXkFqcGc@._V1_.jpg", "icon": "https://m.media-amazon.com/images/M/MV5BNzZjNTFmM2UtMWExMi00YTY3LTg2NzAtYTMxYzYwZmZkZDIyXkEyXkFqcGc@._V1_.jpg", "label2": "", "info": {"plot": "C\u00e2u chuy\u1ec7n phim l\u00e0 d\u1ecb b\u1ea3n kinh d\u1ecb \u0111\u1eabm m\u00e1u l\u1ea5y c\u1ea3m h\u1ee9ng t\u1eeb truy\u1ec7n c\u1ed5 t\u00edch n\u1ed5i ti\u1ebfng T\u1ea5m C\u00e1m, n\u1ed9i dung ch\u00ednh c\u1ee7a phim xoay quanh C\u00e1m - em g\u00e1i c\u00f9ng cha kh\u00e1c m\u1eb9 c\u1ee7a T\u1ea5m \u0111\u1ed3ng th\u1eddi s\u1ebd c\u00f3 nhi\u1ec1u nh\u00e2n v\u1eadt v\u00e0 chi ti\u1ebft s\u00e1ng t\u1ea1o, g\u1ee3i c\u1ea3m gi\u00e1c v\u1eeba l\u1ea1 v\u1eeba quen cho kh\u00e1n gi\u1ea3.", "genre": "", "rating": ""}, "art": {"fanart": "", "poster": "https://m.media-amazon.com/images/M/MV5BNzZjNTFmM2UtMWExMi00YTY3LTg2NzAtYTMxYzYwZmZkZDIyXkEyXkFqcGc@._V1_.jpg", "thumb": "https://m.media-amazon.com/images/M/MV5BNzZjNTFmM2UtMWExMi00YTY3LTg2NzAtYTMxYzYwZmZkZDIyXkEyXkFqcGc@._V1_.jpg"}}, {"label": "C\u00e1p Nh\u0129 T\u00e2n - Harbin 2024 (Thuy\u1ebft Minh - Ph\u1ee5 \u0110\u1ec1)", "is_playable": false, "path": "plugin://plugin.video.vietmediaF?action=play&url=https://www.fshare.vn/folder/2FMN39QLKQOY", "thumbnail": "https://m.media-amazon.com/images/M/MV5BNmY4YzM5NzUtMTg4Yy00Yzc3LThlZDktODk4YjljZmNlODA0XkEyXkFqcGc@._V1_.jpg", "icon": "https://m.media-amazon.com/images/M/MV5BNmY4YzM5NzUtMTg4Yy00Yzc3LThlZDktODk4YjljZmNlODA0XkEyXkFqcGc@._V1_.jpg", "label2": "", "info": {"plot": "C\u00e1p Nh\u0129 T\u00e2n l\u1ea5y b\u1ed1i c\u1ea3nh n\u0103m 1909.K\u1ec3 v\u1ec1 qu\u00e1 tr\u00ecnh nh\u00f3m Ahn Jung Geun \u0111\u1ebfn C\u00e1p Nh\u0129 T\u00e2n (Trung Qu\u1ed1c) \u0111\u1ec3 th\u1ef1c hi\u1ec7n nhi\u1ec7m v\u1ee5 \u00e1m s\u00e1t ch\u1ec9 huy Nh\u1eadt B\u1ea3n, trong khi c\u00e1c \u0111i\u1ec7p vi\u00ean t\u00ecnh b\u00e1o c\u1ee7a phe \u0111\u1ed1i l\u1eadp c\u1ed1 g\u1eafng ng\u0103n ch\u1eb7n s\u1ef1 vi\u1ec7c.", "genre": "", "rating": ""}, "art": {"fanart": "", "poster": "https://m.media-amazon.com/images/M/MV5BNmY4YzM5NzUtMTg4Yy00Yzc3LThlZDktODk4YjljZmNlODA0XkEyXkFqcGc@._V1_.jpg", "thumb": "https://m.media-amazon.com/images/M/MV5BNmY4YzM5NzUtMTg4Yy00Yzc3LThlZDktODk4YjljZmNlODA0XkEyXkFqcGc@._V1_.jpg"}}, {"label": "Huy\u1ec1n Tho\u1ea1i William Tell [B][COLOR yellow]{Sub Vi\u1ec7t Mux S\u1eb5n}[/COLOR][/B] William Tell 2024", "is_playable": false, "path": "plugin://plugin.video.vietmediaF?action=play&url=https://www.fshare.vn/folder/R5788AG3UQTL", "thumbnail": "https://img69.imagetwist.com/th/67941/7cn0zm1orkl6.jpg", "icon": "https://img69.imagetwist.com/th/67941/7cn0zm1orkl6.jpg", "label2": "", "info": {"plot": "L\u1ea5y b\u1ed1i c\u1ea3nh th\u1ebf k\u1ef7 14 t\u1ea1i Th\u1ee5y S\u0129, c\u00e2u chuy\u1ec7n xoay quanh William Tell, m\u1ed9t th\u1ee3 s\u0103n t\u1eebng s\u1ed1ng y\u00ean b\u00ecnh, bu\u1ed9c ph\u1ea3i h\u00e0nh \u0111\u1ed9ng khi gia \u0111\u00ecnh v\u00e0 qu\u00ea h\u01b0\u01a1ng \u00f4ng b\u1ecb \u0111e d\u1ecda b\u1edfi Vua \u00c1o \u0111\u1ed9c t\u00e0i v\u00e0 c\u00e1c l\u00e3nh ch\u00faa t\u00e0n nh\u1eabn c\u1ee7a \u00f4ng ta. Khi \u0110\u1ebf ch\u1ebf \u00c1o tham v\u1ecdng m\u1edf r\u1ed9ng l\u00e3nh th\u1ed5 v\u00e0 x\u00e2m l\u01b0\u1ee3c Th\u1ee5y S\u0129, William Tell \u0111\u1ee9ng l\u00ean l\u00e3nh \u0111\u1ea1o cu\u1ed9c n\u1ed5i d\u1eady ch\u1ed1ng l\u1ea1i s\u1ef1 \u00e1p b\u1ee9c \u0111\u1ec3 b\u1ea3o v\u1ec7 gia \u0111\u00ecnh v\u00e0 qu\u00ea h\u01b0\u01a1ng.", "genre": "", "rating": ""}, "art": {"fanart": "", "poster": "https://img69.imagetwist.com/th/67941/7cn0zm1orkl6.jpg", "thumb": "https://img69.imagetwist.com/th/67941/7cn0zm1orkl6.jpg"}}, {"label": "K\u1ebb S\u00e1t Nh\u00e2n M\u1eaft Tr\u00e1i Tim [B][COLOR yellow]{Sub Vi\u1ec7t Mux S\u1eb5n}[/COLOR][/B] Heart Eyes 2025 ", "is_playable": false, "path": "plugin://plugin.video.vietmediaF?action=play&url=https://www.fshare.vn/folder/ADP8OG1GVVE2", "thumbnail": "https://img166.imagetwist.com/th/67889/bf17n6rkn7i3.jpg", "icon": "https://img166.imagetwist.com/th/67889/bf17n6rkn7i3.jpg", "label2": "", "info": {"plot": "Heart Eyes l\u1ea5y b\u1ed1i c\u1ea3nh t\u1ea1i Seattle, n\u01a1i trong v\u00e0i n\u0103m qua, m\u1ed9t k\u1ebb gi\u1ebft ng\u01b0\u1eddi h\u00e0ng lo\u1ea1t b\u00ed \u1ea9n \u0111\u01b0\u1ee3c bi\u1ebft \u0111\u1ebfn v\u1edbi c\u00e1i t\u00ean \"K\u1ebb S\u00e1t Nh\u00e2n m\u1eaft tr\u00e1i tim\" \u0111\u00e3 g\u00e2y kinh ho\u00e0ng v\u00e0o ng\u00e0y l\u1ec5 Valentine b\u1eb1ng c\u00e1ch truy l\u00f9ng v\u00e0 s\u00e1t h\u1ea1i c\u00e1c c\u1eb7p \u0111\u00f4i l\u00e3ng m\u1ea1n. T\u00ean s\u00e1t nh\u00e2n n\u00e0y \u0111eo m\u1ed9t chi\u1ebfc m\u1eb7t n\u1ea1 m\u00e0u v\u00e0ng c\u0169 k\u1ef9 v\u1edbi \u0111\u00f4i m\u1eaft h\u00ecnh tr\u00e1i tim \u0111\u1ecf r\u1ef1c, t\u1ea1o n\u00ean m\u1ed9t h\u00ecnh t\u01b0\u1ee3ng v\u1eeba \u0111\u00e1ng s\u1ee3 v\u1eeba \u0111\u1ed9c \u0111\u00e1o.", "genre": "", "rating": ""}, "art": {"fanart": "", "poster": "https://img166.imagetwist.com/th/67889/bf17n6rkn7i3.jpg", "thumb": "https://img166.imagetwist.com/th/67889/bf17n6rkn7i3.jpg"}}, {"label": "N\u0103m 2073 [B][COLOR yellow]{Sub Vi\u1ec7t Mux S\u1eb5n}[/COLOR][/B] 2073 2024", "is_playable": false, "path": "plugin://plugin.video.vietmediaF?action=play&url=https://www.fshare.vn/folder/61DKDVZ6IQYA", "thumbnail": "https://img401.imagetwist.com/th/67909/yojwvktc0jk3.jpg", "icon": "https://img401.imagetwist.com/th/67909/yojwvktc0jk3.jpg", "label2": "", "info": {"plot": "Trong b\u1ed1i c\u1ea3nh n\u0103m 2073, Tr\u00e1i \u0110\u1ea5t b\u1ecb t\u00e0n ph\u00e1, c\u00e1c l\u1ef1c l\u01b0\u1ee3ng c\u1ea3nh s\u00e1t qu\u00e2n s\u1ef1 tu\u1ea7n tra tr\u00ean \u0111\u01b0\u1eddng ph\u1ed1, v\u00e0 m\u00e1y bay kh\u00f4ng ng\u01b0\u1eddi l\u00e1i gi\u00e1m s\u00e1t tr\u00e0n ng\u1eadp b\u1ea7u tr\u1eddi. Nh\u1eefng ng\u01b0\u1eddi s\u1ed1ng s\u00f3t \u1ea9n n\u00e1u d\u01b0\u1edbi l\u00f2ng \u0111\u1ea5t, c\u1ed1 g\u1eafng nh\u1edb l\u1ea1i m\u1ed9t th\u1eddi k\u1ef3 t\u1ef1 do v\u00e0 hy v\u1ecdng. B\u1ed9 phim k\u1ebft h\u1ee3p gi\u1eefa vi\u1ec5n t\u01b0\u1edfng v\u00e0 t\u00e0i li\u1ec7u, li\u00ean k\u1ebft c\u00e1c m\u1ed1i \u0111e d\u1ecda to\u00e0n c\u1ea7u hi\u1ec7n nay nh\u01b0 ch\u1ee7 ngh\u0129a \u0111\u1ed9c t\u00e0i, c\u00f4ng ngh\u1ec7 l\u1edbn v\u00e0 s\u1ef1 s\u1ee5p \u0111\u1ed5 kh\u00ed h\u1eadu, nh\u1eb1m \u0111\u01b0a ra l\u1eddi c\u1ea3nh b\u00e1o kh\u1ea9n c\u1ea5p v\u1ec1 vi\u1ec7c b\u1ea3o v\u1ec7 nh\u00e2n lo\u1ea1i v\u00e0 t\u1ef1 do c\u1ee7a ch\u00fang ta.", "genre": "", "rating": ""}, "art": {"fanart": "", "poster": "https://img401.imagetwist.com/th/67909/yojwvktc0jk3.jpg", "thumb": "https://img401.imagetwist.com/th/67909/yojwvktc0jk3.jpg"}}, {"label": "Ti\u1ec1n Th\u1ebf M\u1ea1ng [B][COLOR yellow]{Sub Vi\u1ec7t Mux S\u1eb5n}[/COLOR][/B] Dead Money 2024", "is_playable": false, "path": "plugin://plugin.video.vietmediaF?action=play&url=https://www.fshare.vn/folder/5R566Y6ONWCO", "thumbnail": "https://img401.imagetwist.com/th/67902/k1qakaf4gb9p.jpg", "icon": "https://img401.imagetwist.com/th/67902/k1qakaf4gb9p.jpg", "label2": "", "info": {"plot": "Andy, m\u1ed9t tay ch\u01a1i poker chuy\u00ean nghi\u1ec7p, c\u00f9ng b\u1ea1n g\u00e1i Chloe tham gia m\u1ed9t v\u00e1n poker t\u1ea1i nh\u00e0 do Jack t\u1ed5 ch\u1ee9c. V\u00e1n ch\u01a1i b\u1ecb gi\u00e1n \u0111o\u1ea1n khi hai k\u1ebb \u0111eo m\u1eb7t n\u1ea1 x\u00f4ng v\u00e0o c\u01b0\u1edbp to\u00e0n b\u1ed9 s\u1ed1 ti\u1ec1n c\u01b0\u1ee3c. Sau s\u1ef1 c\u1ed1, Andy quay l\u1ea1i nh\u00e0 Jack \u0111\u1ec3 l\u1ea5y \u0111\u1ed3 v\u00e0 ph\u00e1t hi\u1ec7n Jack \u0111\u00e3 d\u00e0n d\u1ef1ng v\u1ee5 c\u01b0\u1edbp v\u1edbi s\u1ef1 gi\u00fap \u0111\u1ee1 c\u1ee7a Wendel v\u00e0 Lonnie. Andy l\u00e9n l\u1ea5y s\u1ed1 ti\u1ec1n v\u00e0 quy\u1ebft \u0111\u1ecbnh tham gia m\u1ed9t v\u00e1n poker l\u1edbn \u0111\u1ec3 tr\u1ea3 n\u1ee3. Trong khi \u0111\u00f3, Jack v\u00e0 Wendel ph\u00e1t hi\u1ec7n m\u1ea5t ti\u1ec1n, b\u1eaft c\u00f3c Chloe v\u00e0 \u00e9p Andy ph\u1ea3i th\u1eafng 500.000 \u0111\u00f4 la \u0111\u1ec3 c\u1ee9u c\u00f4.", "genre": "", "rating": ""}, "art": {"fanart": "", "poster": "https://img401.imagetwist.com/th/67902/k1qakaf4gb9p.jpg", "thumb": "https://img401.imagetwist.com/th/67902/k1qakaf4gb9p.jpg"}}, {"label": "Layla [B][COLOR yellow]{Sub Vi\u1ec7t Mux S\u1eb5n}[/COLOR][/B] Layla 2024", "is_playable": false, "path": "plugin://plugin.video.vietmediaF?action=play&url=https://www.fshare.vn/folder/D2W3HTHMEUR2", "thumbnail": "https://img401.imagetwist.com/th/67902/z05935xyqwxj.jpg", "icon": "https://img401.imagetwist.com/th/67902/z05935xyqwxj.jpg", "label2": "", "info": {"plot": "B\u1ed9 phim k\u1ec3 v\u1ec1 Layla, m\u1ed9t drag queen (ngh\u1ec7 s\u0129 bi\u1ec3u di\u1ec5n c\u1ea3i trang) g\u1ed1c \u1ea2 R\u1eadp \u0111ang g\u1eb7p kh\u00f3 kh\u0103n trong cu\u1ed9c s\u1ed1ng. Layla l\u1ea7n \u0111\u1ea7u ti\u00ean tr\u1ea3i qua c\u1ea3m gi\u00e1c y\u00eau, nh\u01b0ng m\u1ed1i quan h\u1ec7 n\u00e0y \u0111\u01b0a h\u1ecd v\u00e0o m\u1ed9t h\u00e0nh tr\u00ecnh bi\u1ebfn \u0111\u1ed5i \u0111\u1ea7y th\u1eed th\u00e1ch. Trong t\u00ecnh y\u00eau, Layla v\u1eeba \u0111\u00e1nh m\u1ea5t ch\u00ednh m\u00ecnh v\u1eeba t\u00ecm l\u1ea1i b\u1ea3n th\u00e2n, \u0111\u1ed1i m\u1eb7t v\u1edbi nh\u1eefng c\u00e2u h\u1ecfi s\u00e2u s\u1eafc v\u1ec1 danh t\u00ednh, v\u0103n h\u00f3a v\u00e0 con ng\u01b0\u1eddi th\u1eadt c\u1ee7a m\u00ecnh.", "genre": "", "rating": ""}, "art": {"fanart": "", "poster": "https://img401.imagetwist.com/th/67902/z05935xyqwxj.jpg", "thumb": "https://img401.imagetwist.com/th/67902/z05935xyqwxj.jpg"}}, {"label": "T\u00ecnh B\u00e1o T\u00e1i Xu\u1ea5t - Back In Action (2025) - [COLOR cyan]tinyurl:[/COLOR] [COLOR yellow][B]77771181[/B][/COLOR]", "is_playable": false, "path": "plugin://plugin.video.vietmediaF?action=play&url=https://www.fshare.vn/folder/FY92B6J15EAW", "thumbnail": "https://i.imgur.com/lwZlPAP.jpeg", "icon": "https://i.imgur.com/lwZlPAP.jpeg", "label2": "", "info": {"plot": "Matt (Jamie Foxx) v\u00e0 Emily (Cameron Diaz), c\u1ef1u \u0111i\u1ec7p vi\u00ean CIA, \u0111\u00e3 r\u1eddi b\u1ecf ngh\u1ec1 \u0111\u1ec3 x\u00e2y d\u1ef1ng gia \u0111\u00ecnh. Sau 15 n\u0103m s\u1ed1ng \u1ea9n danh, danh t\u00ednh c\u1ee7a h\u1ecd b\u1ecb l\u1ed9, bu\u1ed9c c\u1ea3 hai ph\u1ea3i quay l\u1ea1i th\u1ebf gi\u1edbi gi\u00e1n \u0111i\u1ec7p \u0111\u1ec3 b\u1ea3o v\u1ec7 gia \u0111\u00ecnh. Matt v\u00e0 Emily \u0111\u1ed1i m\u1eb7t v\u1edbi nh\u1eefng k\u1ebb th\u00f9 c\u0169 v\u00e0 \u00e2m m\u01b0u nguy hi\u1ec3m, s\u1eed d\u1ee5ng k\u1ef9 n\u0103ng \u0111i\u1ec7p vi\u00ean \u0111\u1ec3 b\u1ea3o v\u1ec7 con c\u00e1i v\u00e0 ng\u0103n ch\u1eb7n k\u1ebf ho\u1ea1ch c\u1ee7a k\u1ebb ph\u1ea3n b\u1ed9i.", "genre": "", "rating": ""}, "art": {"fanart": "", "poster": "https://i.imgur.com/lwZlPAP.jpeg", "thumb": "https://i.imgur.com/lwZlPAP.jpeg"}}, {"label": "Ch\u1ea1m - Touch (2024) - [COLOR cyan]tinyurl:[/COLOR] [COLOR yellow][B]77771176[/B][/COLOR]", "is_playable": false, "path": "plugin://plugin.video.vietmediaF?action=play&url=https://www.fshare.vn/folder/4VT8CQDGTHQZ", "thumbnail": "https://i.imgur.com/Wscv1tq.jpeg", "icon": "https://i.imgur.com/Wscv1tq.jpeg", "label2": "", "info": {"plot": "\"Touch\" l\u00e0 m\u1ed9t b\u1ed9 phim t\u00ecnh c\u1ea3m l\u00e3ng m\u1ea1n ra m\u1eaft n\u0103m 2024, k\u1ec3 v\u1ec1 h\u00e0nh tr\u00ecnh \u0111\u1ea7y c\u1ea3m x\u00fac c\u1ee7a m\u1ed9t ng\u01b0\u1eddi \u0111\u00e0n \u00f4ng t\u00ecm ki\u1ebfm m\u1ed1i t\u00ecnh \u0111\u1ea7u \u0111\u00e3 m\u1ea5t t\u00edch 50 n\u0103m tr\u01b0\u1edbc.", "genre": "", "rating": ""}, "art": {"fanart": "", "poster": "https://i.imgur.com/Wscv1tq.jpeg", "thumb": "https://i.imgur.com/Wscv1tq.jpeg"}}, {"label": "Tr\u1ecdn \u0110\u1eddi - Ad Vitam (2025) - [COLOR cyan]tinyurl:[/COLOR] [COLOR yellow][B]77771175[/B][/COLOR]", "is_playable": false, "path": "plugin://plugin.video.vietmediaF?action=play&url=https://www.fshare.vn/folder/GIZ7NFW12YFV", "thumbnail": "https://i.imgur.com/Yyt6SKv.jpeg", "icon": "https://i.imgur.com/Yyt6SKv.jpeg", "label2": "", "info": {"plot": "\"Ad Vitam\" l\u00e0 m\u1ed9t b\u1ed9 phim khoa h\u1ecdc vi\u1ec5n t\u01b0\u1edfng n\u0103m 2025, xoay quanh m\u1ed9t t\u01b0\u01a1ng lai kh\u00f4ng xa khi con ng\u01b0\u1eddi \u0111\u00e3 th\u00e0nh c\u00f4ng trong vi\u1ec7c v\u01b0\u1ee3t qua s\u1ef1 ch\u1ebft b\u1eb1ng c\u00e1ch gi\u1ea3i m\u00e3 b\u00ed \u1ea9n c\u1ee7a sinh m\u1ec7nh v\u0129nh h\u1eb1ng. C\u00e2u chuy\u1ec7n t\u1eadp trung v\u00e0o m\u1ed9t thanh tra tr\u1ebb tu\u1ed5i v\u00e0 m\u1ed9t nh\u00e0 th\u00e1m hi\u1ec3m gi\u00e0 c\u1ed7i \u0111i\u1ec1u tra v\u1ec1 m\u1ed9t lo\u1ea1t c\u00e1c v\u1ee5 t\u1ef1 s\u00e1t b\u00ed \u1ea9n li\u00ean quan \u0111\u1ebfn m\u1ed9t lo\u1ea1i c\u00f4ng ngh\u1ec7 t\u00e1i t\u1ea1o sinh m\u1ec7nh m\u1edbi.", "genre": "", "rating": ""}, "art": {"fanart": "", "poster": "https://i.imgur.com/Yyt6SKv.jpeg", "thumb": "https://i.imgur.com/Yyt6SKv.jpeg"}}, {"label": "\u0110\u1ea1i Ca Kaka - Kaka Boss (2024) - [COLOR cyan]tinyurl:[/COLOR] [COLOR yellow][B]77771169[/B][/COLOR]", "is_playable": false, "path": "plugin://plugin.video.vietmediaF?action=play&url=https://www.fshare.vn/folder/BHALYPELJNBD", "thumbnail": "https://i.imgur.com/rKthCow.jpeg", "icon": "https://i.imgur.com/rKthCow.jpeg", "label2": "", "info": {"plot": "B\u1ed9 phim k\u1ec3 v\u1ec1 h\u00e0nh tr\u00ecnh c\u1ee7a m\u1ed9t s\u1ebfp tr\u1ebb tu\u1ed5i \u0111\u1ea7y tham v\u1ecdng, \u0111\u1ed1i m\u1eb7t v\u1edbi nh\u1eefng th\u1eed th\u00e1ch trong c\u00f4ng vi\u1ec7c v\u00e0 cu\u1ed9c s\u1ed1ng c\u00e1 nh\u00e2n, kh\u00e1m ph\u00e1 \u00fd ngh\u0129a th\u1ef1c s\u1ef1 c\u1ee7a quy\u1ec1n l\u1ef1c v\u00e0 tr\u00e1ch nhi\u1ec7m.", "genre": "", "rating": ""}, "art": {"fanart": "", "poster": "https://i.imgur.com/rKthCow.jpeg", "thumb": "https://i.imgur.com/rKthCow.jpeg"}}, {"label": "Cunk N\u00f3i V\u1ec1 Cu\u1ed9c S\u1ed1ng - Cunk on Life (2024) - [COLOR cyan]tinyurl:[/COLOR] [COLOR yellow][B]77771168[/B][/COLOR]", "is_playable": false, "path": "plugin://plugin.video.vietmediaF?action=play&url=https://www.fshare.vn/folder/IZ5GJ3K9DQC8", "thumbnail": "https://i.imgur.com/iYaILn3.jpeg", "icon": "https://i.imgur.com/iYaILn3.jpeg", "label2": "", "info": {"plot": "Trong ch\u01b0\u01a1ng tr\u00ecnh \u0111\u1eb7c bi\u1ec7t d\u00e0i h\u01a1n 90 ph\u00fat n\u00e0y, nh\u00e0 l\u00e0m phim t\u00e0i li\u1ec7u \"m\u1eb7t l\u1ea1nh\" Philomena Cunk khi\u1ebfn c\u00e1c tri\u1ebft gia v\u00e0 h\u1ecdc gi\u1ea3 b\u1ed1i r\u1ed1i qua h\u00e0nh tr\u00ecnh t\u00ecm hi\u1ec3u \u00fd ngh\u0129a cu\u1ed9c s\u1ed1ng.", "genre": "", "rating": ""}, "art": {"fanart": "", "poster": "https://i.imgur.com/iYaILn3.jpeg", "thumb": "https://i.imgur.com/iYaILn3.jpeg"}}, {"label": "Evilenko 2003 - S\u00e1t Nh\u00e2n Evilenko [COLOR yellow]IMDB 6,1[/COLOR] [COLOR red]Vietsub[/COLOR] Tinyurl 1800582", "is_playable": false, "path": "plugin://plugin.video.vietmediaF?action=play&url=https://www.fshare.vn/folder/JOFURY95LBH8", "thumbnail": "https://image.tmdb.org/t/p/original//rbSjcMoWAijPqdhqhbBJd6WcYgQ.jpg", "icon": "https://image.tmdb.org/t/p/original//rbSjcMoWAijPqdhqhbBJd6WcYgQ.jpg", "label2": "", "info": {"plot": "phim \"Evilenko\" \u0111\u01b0\u1ee3c d\u1ef1a tr\u00ean c\u00e1c t\u00ecnh ti\u1ebft c\u00f3 th\u1eadt v\u1ec1 t\u00ean s\u00e1t nh\u00e2n h\u00e0ng lo\u1ea1t Andrei Chikatilo, c\u00f2n \u0111\u01b0\u1ee3c g\u1ecdi l\u00e0 \"\u0110\u1ed3 t\u1ec3 th\u00e0nh Rostov\". H\u1eafn \u0111\u00e3 th\u1ef1c hi\u1ec7n c\u00e1c v\u1ee5 gi\u1ebft ng\u01b0\u1eddi t\u1eeb cu\u1ed1i th\u1eadp ni\u00ean 1970 \u0111\u1ebfn \u0111\u1ea7u th\u1eadp ni\u00ean 1990 t\u1ea1i Li\u00ean X\u00f4. Nh\u1eefng h\u00e0nh vi t\u00e0n b\u1ea1o c\u1ee7a Chikatilo \u0111\u00e3 g\u00e2y ra n\u1ed7i kinh ho\u00e0ng v\u00e0 \u00e1m \u1ea3nh trong x\u00e3 h\u1ed9i. C\u00e2u chuy\u1ec7n xoay quanh Andrej Romanovich Evilenko, m\u1ed9t gi\u00e1o vi\u00ean c\u1ed9ng s\u1ea3n \u1edf Kyiv b\u1ecb sa th\u1ea3i sau khi c\u1ed1 g\u1eafng c\u01b0\u1ee1ng hi\u1ebfp m\u1ed9t h\u1ecdc sinh. B\u1ecb th\u00fac \u0111\u1ea9y b\u1edfi nh\u1eefng xung \u0111\u1ed9ng b\u1ec7nh ho\u1ea1n c\u1ee7a m\u00ecnh v\u00e0 cay \u0111\u1eafng v\u00ec s\u1ef1 s\u1ee5p \u0111\u1ed5 c\u1ee7a Li\u00ean X\u00f4, Evilenko b\u1eaft \u0111\u1ea7u c\u01b0\u1ee1ng hi\u1ebfp, gi\u1ebft v\u00e0 \u0103n th\u1ecbt ph\u1ee5 n\u1eef v\u00e0 tr\u1ebb em. Th\u1ea9m ph\u00e1n Vadim Timurouvic Lesiev \u0111\u01b0\u1ee3c giao nhi\u1ec7m v\u1ee5 b\u1eaft gi\u1eef t\u00ean s\u00e1t nh\u00e2n h\u00e0ng lo\u1ea1t n\u00e0y.", "genre": "", "rating": ""}, "art": {"fanart": "", "poster": "https://image.tmdb.org/t/p/original//rbSjcMoWAijPqdhqhbBJd6WcYgQ.jpg", "thumb": "https://image.tmdb.org/t/p/original//rbSjcMoWAijPqdhqhbBJd6WcYgQ.jpg"}}, {"label": "Little Women 1994 - Nh\u1eefng Ng\u01b0\u1eddi Ph\u1ee5 N\u1eef B\u00e9 Nh\u1ecf [COLOR yellow]IMDB 7,3[/COLOR] [COLOR red]Vietsub[/COLOR] Tinyurl 1800578", "is_playable": false, "path": "plugin://plugin.video.vietmediaF?action=play&url=https://www.fshare.vn/folder/2EKEZJGD9WIJ", "thumbnail": "https://image.tmdb.org/t/p/original//wCt9DteuS9ghLYTDQEufiu1QVT3.jpg", "icon": "https://image.tmdb.org/t/p/original//wCt9DteuS9ghLYTDQEufiu1QVT3.jpg", "label2": "", "info": {"plot": "C\u00f3 ng\u01b0\u1eddi m\u1eb9 ngh\u1ecb l\u1ef1c, ch\u1ecb em Jo, Meg, Beth v\u00e0 Amy c\u00f9ng tr\u1ea3i qua nh\u1eefng n\u1ed7i ni\u1ec1m tu\u1ed5i tr\u01b0\u1edfng th\u00e0nh, b\u1ea5t h\u1ea1nh trong gia \u0111\u00ecnh v\u00e0 kh\u00e1t v\u1ecdng c\u1ee7a b\u1ea3n th\u00e2n \u1edf n\u01b0\u1edbc M\u1ef9 th\u1ebf k\u1ef7 19.", "genre": "", "rating": ""}, "art": {"fanart": "", "poster": "https://image.tmdb.org/t/p/original//wCt9DteuS9ghLYTDQEufiu1QVT3.jpg", "thumb": "https://image.tmdb.org/t/p/original//wCt9DteuS9ghLYTDQEufiu1QVT3.jpg"}}, {"label": "Sling Blade 1996 - S\u00f3ng Gi\u00f3 Cu\u1ed9c \u0110\u1eddi [COLOR yellow]IMDB 8,0[/COLOR] [COLOR red]Vietsub[/COLOR] Tinyurl 1800575", "is_playable": false, "path": "plugin://plugin.video.vietmediaF?action=play&url=https://www.fshare.vn/folder/83EI2GVS1GWY", "thumbnail": "https://image.tmdb.org/t/p/original//ivBIBd1LNaozcmytZUyE1yIXZms.jpg", "icon": "https://image.tmdb.org/t/p/original//ivBIBd1LNaozcmytZUyE1yIXZms.jpg", "label2": "", "info": {"plot": "Childers Karl, Sau 12 n\u0103m \u1edf tr\u1ea1i t\u00e2m th\u1ea7n \u0111\u00e3 tr\u1edf l\u1ea1i v\u1edbi cu\u1ed9c s\u1ed1ng, tr\u1edf l\u1ea1i v\u1edbi th\u00e0nh ph\u1ed1 tu\u1ed5i th\u01a1 \u00f4ng, m\u1eb7c d\u00f9 tinh th\u1ea7n v\u1eabn ch\u01b0a b\u00ecnh ph\u1ee5c ho\u00e0n to\u00e0n, nh\u01b0ng Karl \u0111\u00e3 t\u00ecm \u0111\u01b0\u1ee3c m\u1ed9t c\u00f4ng vi\u1ec7c s\u1eeda ch\u1eefa thi\u1ebft b\u1ecb m\u00e1y m\u00f3c trong m\u1ed9t c\u1eeda h\u00e0ng \u1edf \u0111\u1ecba ph\u01b0\u01a1ng. Karl c\u00f3 th\u00eam 1 ng\u01b0\u1eddi b\u1ea1n m\u1edbi l\u00e0 c\u1eadu b\u00e9 Frank, khi bi\u1ebft v\u1ec1 ho\u00e0n c\u1ea3nh c\u1ee7a Karl, m\u1eb9 c\u1ee7a Frank, b\u00e0 Linda \u0111\u00e3 m\u1eddi Karl \u0111\u1ebfn nh\u00e0 m\u00ecnh v\u00e0 x\u1eafp x\u1ebfp cho anh 1 ch\u1ed7 ngh\u1ec9 trong nh\u00e0 \u0111\u1ec3 xe c\u1ee7a m\u00ecnh, m\u1ed1i quan h\u1ec7 c\u1ee7a Karl v\u00e0 Frank ng\u00e0y c\u00e0ng tr\u1edf n\u00ean t\u1ed1t \u0111\u1eb9p th\u00ec h\u1ecd l\u1ea1i ph\u1ea3i \u0111\u1ed1i \u0111\u1ea7u v\u1edbi Doyle, ng\u01b0\u1eddi b\u1ea1n trai c\u1ee7a Linda. M\u1ed9t g\u00e3 hung h\u0103ng v\u00e0 \u01b0a b\u1ea1o l\u1ef1c..", "genre": "", "rating": ""}, "art": {"fanart": "", "poster": "https://image.tmdb.org/t/p/original//ivBIBd1LNaozcmytZUyE1yIXZms.jpg", "thumb": "https://image.tmdb.org/t/p/original//ivBIBd1LNaozcmytZUyE1yIXZms.jpg"}}, {"label": "Witness 1985 - Nh\u00e2n Ch\u1ee9ng [COLOR yellow]IMDB 7,4[/COLOR] [COLOR red]Vietsub[/COLOR] Tinyurl 1800574", "is_playable": false, "path": "plugin://plugin.video.vietmediaF?action=play&url=https://www.fshare.vn/folder/EKDTQX7XVBKP", "thumbnail": "https://image.tmdb.org/t/p/original//kOymD1rChAMykmDVEzJpIh4OYS7.jpg", "icon": "https://image.tmdb.org/t/p/original//kOymD1rChAMykmDVEzJpIh4OYS7.jpg", "label2": "", "info": {"plot": "Gi\u1eefa m\u1ed9t c\u1ed9ng \u0111\u1ed3ng Amish y\u00ean b\u00ecnh, m\u1ed9t c\u1eadu b\u00e9 v\u01b0\u1edbng v\u00e0o m\u1ea1ng l\u01b0\u1edbi nguy hi\u1ec3m sau khi ch\u1ee9ng ki\u1ebfn m\u1ed9t t\u1ed9i \u00e1c t\u00e0n b\u1ea1o trong chuy\u1ebfn \u0111i \u0111\u1ea7u ti\u00ean \u0111\u1ebfn Philadelphia. Quy\u1ebft t\u00e2m b\u1ea3o v\u1ec7 \u0111\u1ee9a tr\u1ebb v\u00f4 t\u1ed9i kh\u1ecfi b\u1ecb t\u1ed5n h\u1ea1i, th\u00e1m t\u1eed John Book th\u1ea5y m\u00ecnh \u0111ang ch\u1ea1y tr\u1ed1n v\u00e0 t\u00ecm n\u01a1i \u1ea9n n\u00e1u trong v\u00f2ng tay y\u00ean b\u00ecnh c\u1ee7a \u0111\u1ea5t n\u01b0\u1edbc Amish.", "genre": "", "rating": ""}, "art": {"fanart": "", "poster": "https://image.tmdb.org/t/p/original//kOymD1rChAMykmDVEzJpIh4OYS7.jpg", "thumb": "https://image.tmdb.org/t/p/original//kOymD1rChAMykmDVEzJpIh4OYS7.jpg"}}, {"label": "Daredevil Born Again 2025 - Hi\u1ec7p S\u0129 M\u00f9: T\u00e1i Xu\u1ea5t [COLOR yellow]IMDB 9,3[/COLOR] [COLOR red]Ch\u01b0a Vietsub[/COLOR] Tinyurl 1800572", "is_playable": false, "path": "plugin://plugin.video.vietmediaF?action=play&url=https://www.fshare.vn/folder/ZV6UHLACKM4G", "thumbnail": "https://image.tmdb.org/t/p/original//9lLuhV703HGCbnz6FxnqCwIwzAZ.jpg", "icon": "https://image.tmdb.org/t/p/original//9lLuhV703HGCbnz6FxnqCwIwzAZ.jpg", "label2": "", "info": {"plot": "Matt Murdock, m\u1ed9t lu\u1eadt s\u01b0 m\u00f9 v\u1edbi kh\u1ea3 n\u0103ng \u0111\u1eb7c bi\u1ec7t, chi\u1ebfn \u0111\u1ea5u cho c\u00f4ng l\u00fd th\u00f4ng qua c\u00f4ng ty lu\u1eadt s\u1ea7m u\u1ea5t c\u1ee7a m\u00ecnh. Trong khi c\u1ef1u tr\u00f9m mafia Wilson Fisk theo \u0111u\u1ed5i nh\u1eefng n\u1ed7 l\u1ef1c ch\u00ednh tr\u1ecb c\u1ee7a ri\u00eang m\u00ecnh \u1edf New York. Khi qu\u00e1 kh\u1ee9 c\u1ee7a h\u1ecd b\u1eaft \u0111\u1ea7u l\u1ed9 di\u1ec7n, c\u1ea3 hai ng\u01b0\u1eddi \u0111\u1ec1u th\u1ea5y m\u00ecnh tr\u00ean con \u0111\u01b0\u1eddng va ch\u1ea1m kh\u00f4ng th\u1ec3 tr\u00e1nh kh\u1ecfi.", "genre": "", "rating": ""}, "art": {"fanart": "", "poster": "https://image.tmdb.org/t/p/original//9lLuhV703HGCbnz6FxnqCwIwzAZ.jpg", "thumb": "https://image.tmdb.org/t/p/original//9lLuhV703HGCbnz6FxnqCwIwzAZ.jpg"}}, {"label": "Gladiator II - V\u00f5 S\u0129 Gi\u00e1c \u0110\u1ea5u 2 2024 [COLOR yellow]Vi\u1ec7t Sub[/COLOR]", "is_playable": true, "path": "plugin://plugin.video.vietmediaF?action=play&url=https://www.fshare.vn/file/CWBJGDAYRLIGFI2", "thumbnail": "https://iguov8nhvyobj.vcdn.cloud/media/catalog/product/cache/1/image/c5f0a1eff4c394a251036189ccddaacd/7/0/700x1000-gladiator.jpg", "icon": "https://iguov8nhvyobj.vcdn.cloud/media/catalog/product/cache/1/image/c5f0a1eff4c394a251036189ccddaacd/7/0/700x1000-gladiator.jpg", "label2": "", "info": {"plot": "V\u00f5 S\u0129 Gi\u00e1c \u0110\u1ea5u 2 \u2013 Gladiator II (2024) Sau khi qu\u00ea h\u01b0\u01a1ng c\u1ee7a m\u00ecnh b\u1ecb c\u00e1c ho\u00e0ng \u0111\u1ebf b\u1ea1o ch\u00faa hi\u1ec7n \u0111ang cai tr\u1ecb Rome x\u00e2m chi\u1ebfm, Lucius bu\u1ed9c ph\u1ea3i v\u00e0o \u0110\u1ea5u tr\u01b0\u1eddng La M\u00e3 v\u00e0 ph\u1ea3i nh\u00ecn l\u1ea1i qu\u00e1 kh\u1ee9 \u0111\u1ec3 t\u00ecm ki\u1ebfm s\u1ee9c m\u1ea1nh nh\u1eb1m mang vinh quang c\u1ee7a Rome v\u1ec1 v\u1edbi ng\u01b0\u1eddi d\u00e2n.\n", "genre": "", "rating": ""}, "art": {"fanart": "", "poster": "https://iguov8nhvyobj.vcdn.cloud/media/catalog/product/cache/1/image/c5f0a1eff4c394a251036189ccddaacd/7/0/700x1000-gladiator.jpg", "thumb": "https://iguov8nhvyobj.vcdn.cloud/media/catalog/product/cache/1/image/c5f0a1eff4c394a251036189ccddaacd/7/0/700x1000-gladiator.jpg"}}, {"label": "Venom The Last Dance - Venom K\u00e8o Cu\u1ed1i 2024 [COLOR yellow]Vi\u1ec7t Sub[/COLOR]", "is_playable": true, "path": "plugin://plugin.video.vietmediaF?action=play&url=https://www.fshare.vn/file/W6S7CV2GQ4ZH3OY", "thumbnail": "https://www.cgv.vn/media/catalog/product/cache/1/image/c5f0a1eff4c394a251036189ccddaacd/r/s/rsz_vnm3_intl_online_1080x1350_tsr_01.jpg", "icon": "https://www.cgv.vn/media/catalog/product/cache/1/image/c5f0a1eff4c394a251036189ccddaacd/r/s/rsz_vnm3_intl_online_1080x1350_tsr_01.jpg", "label2": "", "info": {"plot": "\u0110\u00e2y l\u00e0 ph\u1ea7n phim cu\u1ed1i c\u00f9ng v\u00e0 ho\u00e0nh tr\u00e1ng nh\u1ea5t v\u1ec1 c\u1eb7p \u0111\u00f4i Venom v\u00e0 Eddie Brock (Tom Hardy). Sau khi d\u1ecbch chuy\u1ec3n t\u1eeb V\u0169 tr\u1ee5 Marvel trong \u2018Spider-man: No way home\u2019 (2021) tr\u1edf v\u1ec1 th\u1ef1c t\u1ea1i, Eddie Brock gi\u1edd \u0111\u00e2y c\u00f9ng Venom s\u1ebd ph\u1ea3i \u0111\u1ed1i m\u1eb7t v\u1edbi \u00e1c th\u1ea7n Knull h\u00f9ng m\u1ea1nh \u2013 k\u1ebb t\u1ea1o ra c\u1ea3 ch\u1ee7ng t\u1ed9c Symbiote v\u00e0 nh\u1eefng th\u1ebf l\u1ef1c \u0111ang r\u00ecnh r\u1eadp kh\u00e1c. C\u1eb7p \u0111\u00f4i Eddie v\u00e0 Venom s\u1ebd ph\u1ea3i \u0111\u01b0a ra l\u1ef1a quy\u1ebft \u0111\u1ecbnh kh\u1ed1c li\u1ec7t \u0111\u1ec3 h\u1ea1 m\u00e0n k\u00e8o cu\u1ed1i n\u00e0y. ", "genre": "", "rating": ""}, "art": {"fanart": "", "poster": "https://www.cgv.vn/media/catalog/product/cache/1/image/c5f0a1eff4c394a251036189ccddaacd/r/s/rsz_vnm3_intl_online_1080x1350_tsr_01.jpg", "thumb": "https://www.cgv.vn/media/catalog/product/cache/1/image/c5f0a1eff4c394a251036189ccddaacd/r/s/rsz_vnm3_intl_online_1080x1350_tsr_01.jpg"}}, {"label": "Red One - M\u1eadt M\u00e3 \u0110\u1ecf 2024 [COLOR yellow]Vi\u1ec7t Sub[/COLOR]", "is_playable": true, "path": "plugin://plugin.video.vietmediaF?action=play&url=https://www.fshare.vn/file/SEB6K4MH9KT761A", "thumbnail": "https://www.cgv.vn/media/catalog/product/cache/3/image/1800x/71252117777b696995f01934522c402d/r/s/rsz_trl_2_thumbnail.jpg", "icon": "https://www.cgv.vn/media/catalog/product/cache/3/image/1800x/71252117777b696995f01934522c402d/r/s/rsz_trl_2_thumbnail.jpg", "label2": "", "info": {"plot": "Sau khi \u00d4ng gi\u00e0 Noel (m\u1eadt danh: Red One) b\u1ecb b\u1eaft c\u00f3c, Tr\u01b0\u1edfng An ninh B\u1eafc C\u1ef1c (Dwayne Johnson) ph\u1ea3i h\u1ee3p t\u00e1c v\u1edbi th\u1ee3 s\u0103n ti\u1ec1n th\u01b0\u1edfng kh\u00e9t ti\u1ebfng nh\u1ea5t th\u1ebf gi\u1edbi (Chris Evans) trong m\u1ed9t nhi\u1ec7m v\u1ee5 k\u1ecbch t\u00ednh xuy\u00ean l\u1ee5c \u0111\u1ecba \u0111\u1ec3 gi\u1ea3i c\u1ee9u Gi\u00e1ng Sinh.", "genre": "", "rating": ""}, "art": {"fanart": "", "poster": "https://www.cgv.vn/media/catalog/product/cache/3/image/1800x/71252117777b696995f01934522c402d/r/s/rsz_trl_2_thumbnail.jpg", "thumb": "https://www.cgv.vn/media/catalog/product/cache/3/image/1800x/71252117777b696995f01934522c402d/r/s/rsz_trl_2_thumbnail.jpg"}}, {"label": "C\u01b0\u1eddi Xuy\u00ean Bi\u00ean Gi\u1edbi - Amazon Bullseye 2024 [COLOR yellow]Vi\u1ec7t Sub[/COLOR]", "is_playable": true, "path": "plugin://plugin.video.vietmediaF?action=play&url=https://www.fshare.vn/file/YXJM8ZZPA38M8WM", "thumbnail": "https://bhdstar.vn/wp-content/uploads/2024/11/referenceSchemeHeadOfficeallowPlaceHoldertrueheight700ldapp-15.jpg", "icon": "https://bhdstar.vn/wp-content/uploads/2024/11/referenceSchemeHeadOfficeallowPlaceHoldertrueheight700ldapp-15.jpg", "label2": "", "info": {"plot": " C\u01b0\u1eddi Xuy\u00ean Bi\u00ean Gi\u1edbi k\u1ec3 v\u1ec1 h\u00e0nh tr\u00ecnh c\u1ee7a Jin-bong (Ryu Seung-ryong) - c\u1ef1u v\u00f4 \u0111\u1ecbch b\u1eafn cung qu\u1ed1c gia, sau khi ngh\u1ec9 h\u01b0u, anh \u0111\u00e3 tr\u1edf th\u00e0nh m\u1ed9t nh\u00e2n vi\u00ean v\u0103n ph\u00f2ng b\u00ecnh th\u01b0\u1eddng. \u0110\u1ee9ng tr\u01b0\u1edbc nguy c\u01a1 b\u1ecb sa th\u1ea3i, Jin-bong ph\u1ea3i nh\u1eadn m\u1ed9t nhi\u1ec7m v\u1ee5 b\u1ea5t kh\u1ea3 thi l\u00e0 bay \u0111\u1ebfn n\u1eeda kia c\u1ee7a tr\u00e1i \u0111\u1ea5t trong n\u1ed7 l\u1ef1c tuy\u1ec7t v\u1ecdng \u0111\u1ec3 sinh t\u1ed3n. S\u1ed1ng s\u00f3t sau m\u1ed9t s\u1ef1 c\u1ed1 \u0111e do\u1ea1 t\u00ednh m\u1ea1ng, Jin-bong \u0111\u00e3 \u201ch\u1ea1 c\u00e1nh\u201d xu\u1ed1ng khu r\u1eebng Amazon, n\u01a1i anh g\u1eb7p b\u1ed9 ba th\u1ed5 d\u00e2n b\u1ea3n \u0111\u1ecba c\u00f3 k\u1ef9 n\u0103ng b\u1eafn cung th\u01b0\u1ee3ng th\u1eeba: Sika, Eeba v\u00e0 Walbu. Tin r\u1eb1ng \u0111\u00e3 t\u00ecm ra c\u00e1ch \u0111\u1ec3 t\u1ef1 c\u1ee9u m\u00ecnh, Jin-bong h\u1ee3p t\u00e1c v\u1edbi phi\u00ean d\u1ecbch ng\u00e1o ng\u01a1 Bbang-sik (Jin Sun-kyu) v\u00e0 \u0111\u01b0a ba chi\u1ebfn th\u1ea7n cung th\u1ee7 \u0111\u1ebfn H\u00e0n Qu\u1ed1c cho m\u1ed9t nhi\u1ec7m v\u1ee5 t\u00e1o b\u1ea1o. ", "genre": "", "rating": ""}, "art": {"fanart": "", "poster": "https://bhdstar.vn/wp-content/uploads/2024/11/referenceSchemeHeadOfficeallowPlaceHoldertrueheight700ldapp-15.jpg", "thumb": "https://bhdstar.vn/wp-content/uploads/2024/11/referenceSchemeHeadOfficeallowPlaceHoldertrueheight700ldapp-15.jpg"}}, {"label": "The Executioner -\u0110\u1ed1 Anh C\u00f2ng \u0110\u01b0\u1ee3c T\u00f4i 2024 [COLOR yellow]Vi\u1ec7t Sub[/COLOR]", "is_playable": true, "path": "plugin://plugin.video.vietmediaF?action=play&url=https://www.fshare.vn/file/9CO5E9VBN1YJGD7", "thumbnail": "https://bhdstar.vn/wp-content/uploads/2024/09/referenceSchemeHeadOfficeallowPlaceHoldertrueheight700ldapp-1.jpg", "icon": "https://bhdstar.vn/wp-content/uploads/2024/09/referenceSchemeHeadOfficeallowPlaceHoldertrueheight700ldapp-1.jpg", "label2": "", "info": {"plot": "C\u00e1c thanh tra k\u1ef3 c\u1ef1u n\u1ed5i ti\u1ebfng \u0111\u00e3 ho\u1ea1t \u0111\u1ed9ng tr\u1edf l\u1ea1i! Th\u00e1m t\u1eed Seo Do-cheol (HWANG Jung-min) v\u00e0 \u0111\u1ed9i \u0111i\u1ec1u tra t\u1ed9i ph\u1ea1m nguy hi\u1ec3m c\u1ee7a anh kh\u00f4ng ng\u1eebng truy l\u00f9ng t\u1ed9i ph\u1ea1m c\u1ea3 ng\u00e0y l\u1eabn \u0111\u00eam, \u0111\u1eb7t c\u01b0\u1ee3c c\u1ea3 cu\u1ed9c s\u1ed1ng c\u00e1 nh\u00e2n c\u1ee7a h\u1ecd. Nh\u1eadn m\u1ed9t v\u1ee5 \u00e1n s\u00e1t h\u1ea1i m\u1ed9t gi\u00e1o s\u01b0, \u0111\u1ed9i thanh tra nh\u1eadn ra nh\u1eefng m\u1ed1i li\u00ean h\u1ec7 v\u1edbi c\u00e1c v\u1ee5 \u00e1n trong qu\u00e1 kh\u1ee9 v\u00e0 n\u1ea3y sinh nh\u1eefng nghi ng\u1edd v\u1ec1 m\u1ed9t k\u1ebb gi\u1ebft ng\u01b0\u1eddi h\u00e0ng lo\u1ea1t. \u0110i\u1ec1u n\u00e0y \u0111\u00e3 khi\u1ebfn c\u1ea3 n\u01b0\u1edbc r\u01a1i v\u00e0o t\u00ecnh tr\u1ea1ng h\u1ed7n lo\u1ea1n. Khi \u0111\u1ed9i thanh tra \u0111i s\u00e2u v\u00e0o cu\u1ed9c \u0111i\u1ec1u tra, k\u1ebb s\u00e1t nh\u00e2n \u0111\u00e3 ch\u1ebf nh\u1ea1o h\u1ecd b\u1eb1ng c\u00e1ch c\u00f4ng khai tung ra m\u1ed9t \u0111o\u1ea1n gi\u1edbi thi\u1ec7u tr\u1ef1c tuy\u1ebfn, ch\u1ec9 ra n\u1ea1n nh\u00e2n ti\u1ebfp theo v\u00e0 l\u00e0m gia t\u0103ng s\u1ef1 h\u1ed7n lo\u1ea1n. \u0110\u1ec3 gi\u1ea3i quy\u1ebft m\u1ed1i \u0111e d\u1ecda ng\u00e0y c\u00e0ng leo thang, nh\u00f3m \u0111\u00e3 k\u1ebft n\u1ea1p m\u1ed9t s\u0129 quan t\u00e2n binh tr\u1ebb Park Sun-woo (JUNG Hae-in), d\u1eabn \u0111\u1ebfn nh\u1eefng kh\u00fac m\u1eafc v\u00e0 \u0111\u1ea7y r\u1eaby b\u1ea5t ng\u1edd trong v\u1ee5 \u00e1n.", "genre": "", "rating": ""}, "art": {"fanart": "", "poster": "https://bhdstar.vn/wp-content/uploads/2024/09/referenceSchemeHeadOfficeallowPlaceHoldertrueheight700ldapp-1.jpg", "thumb": "https://bhdstar.vn/wp-content/uploads/2024/09/referenceSchemeHeadOfficeallowPlaceHoldertrueheight700ldapp-1.jpg"}}, {"label": "S\u00e1t Th\u1ee7 H\u1ebft Th\u1eddi - Old Guy 2024 (Ph\u1ee5 \u0110\u1ec1)", "is_playable": false, "path": "plugin://plugin.video.vietmediaF?action=play&url=https://www.fshare.vn/folder/CYMXJK1342P3", "thumbnail": "https://m.media-amazon.com/images/M/MV5BOGM4NzRiNTAtNDQxNy00YjBmLTg3NjMtNDE4MjVlYzUyMmIwXkEyXkFqcGc@._V1_FMjpg_UX1000_.jpg", "icon": "https://m.media-amazon.com/images/M/MV5BOGM4NzRiNTAtNDQxNy00YjBmLTg3NjMtNDE4MjVlYzUyMmIwXkEyXkFqcGc@._V1_FMjpg_UX1000_.jpg", "label2": "", "info": {"plot": "N\u1ed9i dung phim xoay quanh Danny Dolinski (do Christoph Waltz th\u1ee7 vai), m\u1ed9t s\u00e1t th\u1ee7 h\u1ee3p \u0111\u1ed3ng k\u1ef3 c\u1ef1u \u0111ang \u0111\u1ed1i m\u1eb7t v\u1edbi vi\u1ec7c k\u1ebft th\u00fac s\u1ef1 nghi\u1ec7p do tu\u1ed5i t\u00e1c v\u00e0 v\u1ea5n \u0111\u1ec1 s\u1ee9c kh\u1ecfe. Anh \u0111\u01b0\u1ee3c t\u1ed5 ch\u1ee9c g\u1ecdi tr\u1edf l\u1ea1i \u0111\u1ec3 hu\u1ea5n luy\u1ec7n Wihlborg (do Cooper Hoffman th\u1ee7 vai), m\u1ed9t s\u00e1t th\u1ee7 tr\u1ebb thu\u1ed9c th\u1ebf h\u1ec7 Gen Z v\u1edbi th\u00e1i \u0111\u1ed9 ng\u1ea1o m\u1ea1n. Nhi\u1ec7m v\u1ee5 c\u1ee7a h\u1ecd l\u00e0 lo\u1ea1i b\u1ecf c\u00e1c th\u00e0nh vi\u00ean h\u00e0ng \u0111\u1ea7u c\u1ee7a m\u1ed9t t\u1ed5 ch\u1ee9c t\u1ed9i ph\u1ea1m \u0111\u1ed1i th\u1ee7. Trong qu\u00e1 tr\u00ecnh \u0111\u00f3, h\u1ecd ph\u00e1t hi\u1ec7n ra m\u1ee5c \u0111\u00edch th\u1ef1c s\u1ef1 c\u1ee7a t\u1ed5 ch\u1ee9c: thay th\u1ebf th\u1ebf h\u1ec7 c\u0169 b\u1eb1ng m\u1ed9t cu\u1ed9c ti\u1ebfp qu\u1ea3n to\u00e0n di\u1ec7n.", "genre": "", "rating": ""}, "art": {"fanart": "", "poster": "https://m.media-amazon.com/images/M/MV5BOGM4NzRiNTAtNDQxNy00YjBmLTg3NjMtNDE4MjVlYzUyMmIwXkEyXkFqcGc@._V1_FMjpg_UX1000_.jpg", "thumb": "https://m.media-amazon.com/images/M/MV5BOGM4NzRiNTAtNDQxNy00YjBmLTg3NjMtNDE4MjVlYzUyMmIwXkEyXkFqcGc@._V1_FMjpg_UX1000_.jpg"}}, {"label": "\u0110\u1ed9i Tr\u01b0\u1edfng M\u1ef9: Th\u1ebf Gi\u1edbi M\u1edbi - Captain America: Brave New World 2025 (Ph\u1ee5 \u0110\u1ec1) ", "is_playable": false, "path": "plugin://plugin.video.vietmediaF?action=play&url=https://www.fshare.vn/folder/JWL1469GBV6X", "thumbnail": "https://img.upanh.tv/2025/02/28/478251230_28370781179237263_2043856809673650391_n.jpg", "icon": "https://img.upanh.tv/2025/02/28/478251230_28370781179237263_2043856809673650391_n.jpg", "label2": "", "info": {"plot": "Sau cu\u1ed9c g\u1eb7p g\u1ee1 v\u1edbi t\u00e2n T\u1ed5ng th\u1ed1ng Hoa K\u1ef3 Thaddeus Ross, Sam Wilson v\u00f4 t\u00ecnh b\u1ecb cu\u1ed1n v\u00e0o cu\u1ed9c xung \u0111\u1ed9t t\u1ea1i m\u1ed9t s\u1ef1 ki\u1ec7n qu\u1ed1c t\u1ebf. Trong vai tr\u00f2 Captain America m\u1edbi, Wilson bu\u1ed9c ph\u1ea3i \u0111i\u1ec1u tra v\u00e0 l\u1eadt t\u1ea9y m\u1ed9t \u00e2m m\u01b0u to\u00e0n c\u1ea7u b\u1ea5t ch\u00ednh, tr\u01b0\u1edbc khi k\u1ebb th\u1ee7 \u00e1c nh\u1ea5n ch\u00ecm c\u1ea3 th\u1ebf gi\u1edbi v\u00e0o c\u1ea3nh suy t\u00e0n.", "genre": "", "rating": ""}, "art": {"fanart": "", "poster": "https://img.upanh.tv/2025/02/28/478251230_28370781179237263_2043856809673650391_n.jpg", "thumb": "https://img.upanh.tv/2025/02/28/478251230_28370781179237263_2043856809673650391_n.jpg"}}, {"label": "Ph\u1ea3n C\u00f4ng - Counterattack 2025 (Ph\u1ee5 \u0110\u1ec1)", "is_playable": false, "path": "plugin://plugin.video.vietmediaF?action=play&url=https://www.fshare.vn/folder/89ADQ9U9HBV5", "thumbnail": "https://img202.imagetwist.com/th/67807/hjkcyoslm6lk.jpg", "icon": "https://img202.imagetwist.com/th/67807/hjkcyoslm6lk.jpg", "label2": "", "info": {"plot": "Khi nhi\u1ec7m v\u1ee5 gi\u1ea3i c\u1ee9u con tin d\u1eabn \u0111\u1ebfn th\u00eam k\u1ebb th\u00f9 m\u1edbi, \u0111\u1ea1i \u00fay Guerrero c\u00f9ng \u0111\u1ed9i l\u00ednh tinh nhu\u1ec7 ph\u1ea3i \u0111\u1ed1i m\u1eb7t v\u1edbi cu\u1ed9c ph\u1ee5c k\u00edch c\u1ee7a m\u1ed9t nh\u00f3m t\u1ed9i ph\u1ea1m.", "genre": "", "rating": ""}, "art": {"fanart": "", "poster": "https://img202.imagetwist.com/th/67807/hjkcyoslm6lk.jpg", "thumb": "https://img202.imagetwist.com/th/67807/hjkcyoslm6lk.jpg"}}, {"label": "Th\u00e0nh L\u0169y 36 - Squad 36 2025 (Ph\u1ee5 \u0110\u1ec1)", "is_playable": false, "path": "plugin://plugin.video.vietmediaF?action=play&url=https://www.fshare.vn/folder/QX7YVAG8HEC6", "thumbnail": "https://m.media-amazon.com/images/M/MV5BYTRhYzUwNzItYTlkZS00NDAwLTkwY2ItYTlhZTRhZTBiNTM2XkEyXkFqcGc@._V1_FMjpg_UX1000_.jpg", "icon": "https://m.media-amazon.com/images/M/MV5BYTRhYzUwNzItYTlkZS00NDAwLTkwY2ItYTlhZTRhZTBiNTM2XkEyXkFqcGc@._V1_FMjpg_UX1000_.jpg", "label2": "", "info": {"plot": "B\u1ecb bu\u1ed9c r\u1eddi kh\u1ecfi \u0111\u01a1n v\u1ecb tinh nhu\u1ec7, m\u1ed9t c\u1ea3nh s\u00e1t g\u1eb7p nhi\u1ec1u r\u1eafc r\u1ed1i \u0111\u00e3 t\u1ef1 m\u00ecnh ti\u1ebfn h\u00e0nh \u0111i\u1ec1u tra khi nh\u1eefng v\u1ee5 gi\u1ebft ng\u01b0\u1eddi b\u00ed \u1ea9n c\u01b0\u1edbp \u0111i sinh m\u1ea1ng nh\u1eefng \u0111\u1ed3ng nghi\u1ec7p c\u0169 c\u1ee7a anh.", "genre": "", "rating": ""}, "art": {"fanart": "", "poster": "https://m.media-amazon.com/images/M/MV5BYTRhYzUwNzItYTlkZS00NDAwLTkwY2ItYTlhZTRhZTBiNTM2XkEyXkFqcGc@._V1_FMjpg_UX1000_.jpg", "thumb": "https://m.media-amazon.com/images/M/MV5BYTRhYzUwNzItYTlkZS00NDAwLTkwY2ItYTlhZTRhZTBiNTM2XkEyXkFqcGc@._V1_FMjpg_UX1000_.jpg"}}, {"label": "K\u1ebb \u0110\u1ed3ng H\u00e0nh - Companion 2025 (Ph\u1ee5 \u0110\u1ec1)", "is_playable": false, "path": "plugin://plugin.video.vietmediaF?action=play&url=https://www.fshare.vn/folder/E9SWXN7QWZ1T", "thumbnail": "https://images2.imgbox.com/25/fd/U12VLZMW_o.jpg", "icon": "https://images2.imgbox.com/25/fd/U12VLZMW_o.jpg", "label2": "", "info": {"plot": "C\u00e1i ch\u1ebft c\u1ee7a m\u1ed9t t\u1ef7 ph\u00fa \u0111a\u0303 kh\u01a1i m\u00e0o chu\u1ed7i s\u1ef1 ki\u1ec7n kinh hoa\u0300ng cho Iris v\u00e0 b\u1ea1n b\u00e8 cu\u0309a c\u00f4 trong k\u1ef3 ngh\u1ec9 cu\u1ed1i tu\u1ea7n t\u1ea1i khu bi\u1ec7t th\u1ef1 ven h\u1ed3. K\u00e9o theo \u0111\u00f3, nh\u1eefng b\u00ed m\u1eadt \u0111en t\u1ed1i nh\u1ea5t trong chuy\u1ec7n t\u00ecnh c\u1ee7a \"c\u1eb7p \u0111\u00f4i ho\u00e0n h\u1ea3o\" Iris - Josh c\u0169ng d\u1ea7n b\u1ea1i l\u1ed9.", "genre": "", "rating": ""}, "art": {"fanart": "", "poster": "https://images2.imgbox.com/25/fd/U12VLZMW_o.jpg", "thumb": "https://images2.imgbox.com/25/fd/U12VLZMW_o.jpg"}}, {"label": "N\u1eef Tu B\u00f3ng T\u1ed1i [B][COLOR yellow]{Sub Vi\u1ec7t Mux S\u1eb5n}[/COLOR][/B] Dark Nuns 2025", "is_playable": false, "path": "plugin://plugin.video.vietmediaF?action=play&url=https://www.fshare.vn/folder/DRIXXKRUNH5Y", "thumbnail": "https://img166.imagetwist.com/th/67901/t1ghxj1onxix.jpg", "icon": "https://img166.imagetwist.com/th/67901/t1ghxj1onxix.jpg", "label2": "", "info": {"plot": "Hai n\u1eef tu Junia (Song Hye-kyo) v\u00e0 Michaela (Jeon Yeo-been) d\u00f9ng m\u1ecdi n\u1ed7 l\u1ef1c th\u1ef1c hi\u1ec7n nghi l\u1ec5 tr\u1eeb t\u00e0 \u0111\u1ec3 c\u1ee9u r\u1ed7i c\u1eadu b\u00e9 Hee Joon \u0111ang b\u1ecb linh h\u1ed3n t\u00e0 \u00e1c chi\u1ebfm gi\u1eef. M\u1ed9t cu\u1ed9c chi\u1ebfn kh\u00f4ng h\u1ed3i k\u1ebft gi\u1eefa \u0111\u1ee9c tin v\u00e0 qu\u1ef7 d\u1eef, gi\u1eefa b\u00ed \u1ea9n t\u00e2m linh v\u00e0 ni\u1ec1m tin y h\u1ecdc.", "genre": "", "rating": ""}, "art": {"fanart": "", "poster": "https://img166.imagetwist.com/th/67901/t1ghxj1onxix.jpg", "thumb": "https://img166.imagetwist.com/th/67901/t1ghxj1onxix.jpg"}}, {"label": "Captain America: Th\u1ebf Gi\u1edbi M\u1edbi [B][COLOR yellow]{Thuy\u1ebft Minh - Sub Vi\u1ec7t Mux S\u1eb5n}[/COLOR][/B] Captain America: Brave New World 2025", "is_playable": false, "path": "plugin://plugin.video.vietmediaF?action=play&url=https://www.fshare.vn/folder/RASUNG1JBN4C", "thumbnail": "https://img202.imagetwist.com/th/67800/omeeu1eb8w4e.jpg", "icon": "https://img202.imagetwist.com/th/67800/omeeu1eb8w4e.jpg", "label2": "", "info": {"plot": "Sau cu\u1ed9c g\u1eb7p g\u1ee1 v\u1edbi t\u00e2n T\u1ed5ng th\u1ed1ng Hoa K\u1ef3 Thaddeus Ross, Sam Wilson v\u00f4 t\u00ecnh b\u1ecb cu\u1ed1n v\u00e0o cu\u1ed9c xung \u0111\u1ed9t t\u1ea1i m\u1ed9t s\u1ef1 ki\u1ec7n qu\u1ed1c t\u1ebf. Trong vai tr\u00f2 Captain America m\u1edbi, Wilson bu\u1ed9c ph\u1ea3i \u0111i\u1ec1u tra v\u00e0 l\u1eadt t\u1ea9y m\u1ed9t \u00e2m m\u01b0u to\u00e0n c\u1ea7u b\u1ea5t ch\u00ednh, tr\u01b0\u1edbc khi k\u1ebb th\u1ee7 \u00e1c nh\u1ea5n ch\u00ecm c\u1ea3 th\u1ebf gi\u1edbi v\u00e0o c\u1ea3nh suy t\u00e0n.", "genre": "", "rating": ""}, "art": {"fanart": "", "poster": "https://img202.imagetwist.com/th/67800/omeeu1eb8w4e.jpg", "thumb": "https://img202.imagetwist.com/th/67800/omeeu1eb8w4e.jpg"}}, {"label": "Th\u1ebf Gi\u1edbi \u1ea2o Ma [B][COLOR yellow]{Sub Vi\u1ec7t Mux S\u1eb5n}[/COLOR][/B] Levels 2024", "is_playable": false, "path": "plugin://plugin.video.vietmediaF?action=play&url=https://www.fshare.vn/folder/QP2UWPI75UNC", "thumbnail": "https://img34.imagetwist.com/th/67881/4whr1e8my6hf.jpg", "icon": "https://img34.imagetwist.com/th/67881/4whr1e8my6hf.jpg", "label2": "", "info": {"plot": "Joe t\u1ec9nh d\u1eady trong m\u1ed9t th\u1ebf gi\u1edbi quen thu\u1ed9c nh\u01b0ng \u0111\u1ea7y b\u00ed \u1ea9n. B\u1ea1n g\u00e1i anh, Ash, mu\u1ed1n n\u00f3i v\u1edbi anh m\u1ed9t \u0111i\u1ec1u quan tr\u1ecdng\u2014tr\u01b0\u1edbc khi b\u1ecb b\u1eafn ngay tr\u01b0\u1edbc m\u1eaft anh. Khi c\u1ed1 t\u00ecm l\u1eddi gi\u1ea3i, Joe ph\u00e1t hi\u1ec7n ra m\u00ecnh \u0111ang m\u1eafc k\u1eb9t trong m\u1ed9t v\u00f2ng l\u1eb7p k\u1ef3 l\u1ea1, n\u01a1i c\u00e1i ch\u1ebft kh\u00f4ng ph\u1ea3i l\u00e0 k\u1ebft th\u00fac, m\u00e0 ch\u1ec9 l\u00e0 m\u1ed9t \"m\u00e0n ch\u01a1i\" m\u1edbi. Nh\u01b0ng ai \u0111ang \u0111i\u1ec1u khi\u1ec3n tr\u00f2 ch\u01a1i n\u00e0y? V\u00e0 l\u00e0m sao \u0111\u1ec3 tho\u00e1t ra?", "genre": "", "rating": ""}, "art": {"fanart": "", "poster": "https://img34.imagetwist.com/th/67881/4whr1e8my6hf.jpg", "thumb": "https://img34.imagetwist.com/th/67881/4whr1e8my6hf.jpg"}}, {"label": "Chi\u1ebfn Binh Qu\u1ea3 C\u1ea3m [B][COLOR yellow]{Sub Vi\u1ec7t Mux S\u1eb5n}[/COLOR][/B] Valiant One 2025", "is_playable": false, "path": "plugin://plugin.video.vietmediaF?action=play&url=https://www.fshare.vn/folder/JGEDEKCSMG4Y", "thumbnail": "https://img119.imagetwist.com/th/67867/n4s6ds7gxpdq.jpg", "icon": "https://img119.imagetwist.com/th/67867/n4s6ds7gxpdq.jpg", "label2": "", "info": {"plot": "\"Valiant One\" k\u1ec3 v\u1ec1 m\u1ed9t nhi\u1ec7m v\u1ee5 th\u01b0\u1eddng l\u1ec7 c\u1ee7a \u0111\u1ed9i tr\u1ef1c th\u0103ng qu\u00e2n \u0111\u1ed9i Hoa K\u1ef3 g\u1ea7n khu phi qu\u00e2n s\u1ef1 gi\u1eefa B\u1eafc v\u00e0 Nam Tri\u1ec1u Ti\u00ean. Do c\u01a1n b\u00e3o b\u1ea5t ng\u1edd, tr\u1ef1c th\u0103ng b\u1ecb r\u01a1i s\u00e2u trong l\u00e3nh th\u1ed5 B\u1eafc Tri\u1ec1u Ti\u00ean. Sergeant Edward Brockman (do Chase Stokes th\u1ee7 vai) ph\u1ea3i d\u1eabn d\u1eaft nh\u1eefng ng\u01b0\u1eddi s\u1ed1ng s\u00f3t, bao g\u1ed3m c\u1ea3 chuy\u00ean gia k\u1ef9 thu\u1eadt d\u00e2n s\u1ef1, t\u00ecm \u0111\u01b0\u1eddng tr\u1edf v\u1ec1 Nam Tri\u1ec1u Ti\u00ean m\u00e0 kh\u00f4ng c\u00f3 s\u1ef1 h\u1ed7 tr\u1ee3 t\u1eeb qu\u00e2n \u0111\u1ed9i Hoa K\u1ef3. H\u1ecd ph\u1ea3i \u0111\u1ed1i m\u1eb7t v\u1edbi nhi\u1ec1u nguy hi\u1ec3m t\u1eeb l\u1ef1c l\u01b0\u1ee3ng B\u1eafc Tri\u1ec1u Ti\u00ean v\u00e0 v\u01b0\u1ee3t qua khu v\u1ef1c phi qu\u00e2n s\u1ef1 \u0111\u1ea7y hi\u1ec3m tr\u1edf.", "genre": "", "rating": ""}, "art": {"fanart": "", "poster": "https://img119.imagetwist.com/th/67867/n4s6ds7gxpdq.jpg", "thumb": "https://img119.imagetwist.com/th/67867/n4s6ds7gxpdq.jpg"}}, {"label": "Si\u00eau C\u1ea3nh Khuy\u1ec3n [B][COLOR yellow]{Sub Vi\u1ec7t Mux S\u1eb5n}[/COLOR][/B] Dog Man 2025", "is_playable": false, "path": "plugin://plugin.video.vietmediaF?action=play&url=https://www.fshare.vn/folder/L8Z49OEP31LL", "thumbnail": "https://img119.imagetwist.com/th/67860/pw05dmfjybws.jpg", "icon": "https://img119.imagetwist.com/th/67860/pw05dmfjybws.jpg", "label2": "", "info": {"plot": "C\u00e2u chuy\u1ec7n b\u1eaft \u0111\u1ea7u khi s\u0129 quan c\u1ea3nh s\u00e1t Knight v\u00e0 ch\u00fa ch\u00f3 nghi\u1ec7p v\u1ee5 Greg b\u1ecb th\u01b0\u01a1ng n\u1eb7ng trong m\u1ed9t v\u1ee5 n\u1ed5 do \u00e2m m\u01b0u c\u1ee7a m\u00e8o \u00e1c nh\u00e2n Petey. \u0110\u1ec3 c\u1ee9u c\u1ea3 hai, c\u00e1c b\u00e1c s\u0129 quy\u1ebft \u0111\u1ecbnh th\u1ef1c hi\u1ec7n m\u1ed9t ca ph\u1eabu thu\u1eadt gh\u00e9p \u0111\u00f4i, k\u1ebft h\u1ee3p \u0111\u1ea7u c\u1ee7a Greg v\u1edbi th\u00e2n th\u1ec3 c\u1ee7a Knight, t\u1ea1o n\u00ean Dog Man \u2013 m\u1ed9t anh h\u00f9ng n\u1eeda ng\u01b0\u1eddi n\u1eeda ch\u00f3. V\u1edbi b\u1ea3n n\u0103ng trung th\u00e0nh c\u1ee7a lo\u00e0i ch\u00f3 v\u00e0 tr\u00ed tu\u1ec7 c\u1ee7a con ng\u01b0\u1eddi, Dog Man ph\u1ea3i \u0111\u1ed1i m\u1eb7t v\u1edbi nh\u1eefng k\u1ebf ho\u1ea1ch x\u1ea5u xa c\u1ee7a Petey. T\u00ecnh ti\u1ebft tr\u1edf n\u00ean ph\u1ee9c t\u1ea1p khi Petey t\u1ea1o ra b\u1ea3n sao c\u1ee7a m\u00ecnh, Lil Petey, nh\u01b0ng Lil Petey l\u1ea1i h\u00ecnh th\u00e0nh m\u1ed1i quan h\u1ec7 \u0111\u1eb7c bi\u1ec7t v\u1edbi Dog Man. Khi Lil Petey b\u1ecb b\u1eaft c\u00f3c, Dog Man v\u00e0 Petey bu\u1ed9c ph\u1ea3i h\u1ee3p t\u00e1c \u0111\u1ec3 gi\u1ea3i c\u1ee9u ch\u00fa m\u00e8o con, d\u1eabn \u0111\u1ebfn nh\u1eefng t\u00ecnh hu\u1ed1ng h\u00e0i h\u01b0\u1edbc v\u00e0 c\u1ea3m \u0111\u1ed9ng. ", "genre": "", "rating": ""}, "art": {"fanart": "", "poster": "https://img119.imagetwist.com/th/67860/pw05dmfjybws.jpg", "thumb": "https://img119.imagetwist.com/th/67860/pw05dmfjybws.jpg"}}, {"label": "T\u00ecnh Ng\u01b0\u1eddi Duy\u00ean Ma: T\u00e1i H\u1ee3p - Kang Mak From Pee Mak (2024) - [COLOR cyan]tinyurl:[/COLOR] [COLOR yellow][B]77771164[/B][/COLOR]", "is_playable": false, "path": "plugin://plugin.video.vietmediaF?action=play&url=https://www.fshare.vn/folder/Q1O2X85NMU6Z", "thumbnail": "https://i.imgur.com/9eNKPsd.jpeg", "icon": "https://i.imgur.com/9eNKPsd.jpeg", "label2": "", "info": {"plot": "T\u00ecnh Ng\u01b0\u1eddi Duy\u00ean Ma: T\u00e1i H\u1ee3p l\u00e0 phi\u00ean b\u1ea3n l\u00e0m l\u1ea1i t\u1eeb b\u1ed9 phim kinh d\u1ecb h\u00e0i n\u1ed5i ti\u1ebfng c\u1ee7a Th\u00e1i Lan \"Pee Mak\". B\u1ed9 phim k\u1ec3 v\u1ec1 h\u00e0nh tr\u00ecnh tr\u1edf v\u1ec1 nh\u00e0 t\u1eeb chi\u1ebfn tr\u01b0\u1eddng c\u1ee7a anh l\u00ednh Makmur, ng\u01b0\u1eddi ph\u00e1t hi\u1ec7n v\u1ee3 m\u00ecnh, Sari, \u0111\u00e3 qua \u0111\u1eddi v\u00e0 tr\u1edf th\u00e0nh m\u1ed9t h\u1ed3n ma.", "genre": "", "rating": ""}, "art": {"fanart": "", "poster": "https://i.imgur.com/9eNKPsd.jpeg", "thumb": "https://i.imgur.com/9eNKPsd.jpeg"}}, {"label": "Ph\u00f9 Th\u1ee7y X\u1ee9 Oz - Wicked (2024) - [COLOR cyan]tinyurl:[/COLOR] [COLOR yellow][B]77771163[/B][/COLOR]", "is_playable": false, "path": "plugin://plugin.video.vietmediaF?action=play&url=https://www.fshare.vn/folder/T64SCZSNN1XB", "thumbnail": "https://i.imgur.com/rSCOBjh.jpeg", "icon": "https://i.imgur.com/rSCOBjh.jpeg", "label2": "", "info": {"plot": "B\u1ed9 phim k\u1ec3 v\u1ec1 Elphaba, m\u1ed9t ph\u1ee5 n\u1eef tr\u1ebb v\u1edbi l\u00e0n da m\u00e0u xanh l\u00e1 c\u00e2y, v\u00e0 h\u00e0nh tr\u00ecnh tr\u1edf th\u00e0nh Ph\u00f9 th\u1ee7y \u00c1c ph\u01b0\u01a1ng T\u00e2y. C\u00e2u chuy\u1ec7n c\u0169ng kh\u00e1m ph\u00e1 m\u1ed1i quan h\u1ec7 ph\u1ee9c t\u1ea1p gi\u1eefa c\u00f4 v\u00e0 Glinda, ng\u01b0\u1eddi sau n\u00e0y tr\u1edf th\u00e0nh Ph\u00f9 th\u1ee7y T\u1ed1t ph\u01b0\u01a1ng B\u1eafc. B\u1ed9 phim mang \u0111\u1ebfn g\u00f3c nh\u00ecn m\u1edbi v\u1ec1 c\u00e1c nh\u00e2n v\u1eadt trong \"Ph\u00f9 th\u1ee7y x\u1ee9 Oz\", t\u1eadp trung v\u00e0o t\u00ecnh b\u1ea1n v\u00e0 nh\u1eefng l\u1ef1a ch\u1ecdn \u0111\u1ecbnh m\u1ec7nh.", "genre": "", "rating": ""}, "art": {"fanart": "", "poster": "https://i.imgur.com/rSCOBjh.jpeg", "thumb": "https://i.imgur.com/rSCOBjh.jpeg"}}, {"label": "N\u1ed7i \u0110au Th\u1ef1c S\u1ef1 - A Real Pain (2024) - [COLOR cyan]tinyurl:[/COLOR] [COLOR yellow][B]77771162[/B][/COLOR]", "is_playable": false, "path": "plugin://plugin.video.vietmediaF?action=play&url=https://www.fshare.vn/folder/4TL6TCXFZFY7", "thumbnail": "https://i.imgur.com/Z48cjzo.jpeg", "icon": "https://i.imgur.com/Z48cjzo.jpeg", "label2": "", "info": {"plot": "Hai anh em h\u1ecd David v\u00e0 Benji, v\u1ed1n kh\u00f4ng h\u1ee3p nhau, t\u00e1i ng\u1ed9 trong m\u1ed9t chuy\u1ebfn du l\u1ecbch qua Ba Lan \u0111\u1ec3 t\u01b0\u1edfng nh\u1edb ng\u01b0\u1eddi b\u00e0 y\u00eau qu\u00fd. Cu\u1ed9c phi\u00eau l\u01b0u c\u1ee7a h\u1ecd chuy\u1ec3n h\u01b0\u1edbng b\u1ea5t ng\u1edd khi c\u1eb7p \u0111\u00f4i k\u1ef3 qu\u1eb7c n\u00e0y \u0111\u1ed1i m\u1eb7t v\u1edbi nh\u1eefng t\u00ecnh hu\u1ed1ng d\u1edf kh\u00f3c d\u1edf c\u01b0\u1eddi.", "genre": "", "rating": ""}, "art": {"fanart": "", "poster": "https://i.imgur.com/Z48cjzo.jpeg", "thumb": "https://i.imgur.com/Z48cjzo.jpeg"}}, {"label": "Ch\u00faa T\u1ec3 C\u1ee7a Nh\u1eefng Chi\u1ebfc Nh\u1eabn - The Lord Of The Rings: The War Of The Rohirrim (2024) - [COLOR cyan]tinyurl:[/COLOR] [COLOR yellow][B]77771149[/B][/COLOR]", "is_playable": false, "path": "plugin://plugin.video.vietmediaF?action=play&url=https://www.fshare.vn/folder/HZ8VIK3EHY39", "thumbnail": "https://i.imgur.com/gsXirA1.jpeg", "icon": "https://i.imgur.com/gsXirA1.jpeg", "label2": "", "info": {"plot": "B\u1ed9 phim l\u1ea5y b\u1ed1i c\u1ea3nh 183 n\u0103m tr\u01b0\u1edbc c\u00e1c s\u1ef1 ki\u1ec7n trong \"The Hobbit\", khi v\u00f9ng \u0111\u1ea5t Rohan \u0111\u01b0\u1ee3c cai tr\u1ecb b\u1edfi vua Helm Hammerhand. C\u00e2u chuy\u1ec7n xoay quanh cu\u1ed9c t\u1ea5n c\u00f4ng b\u1ea5t ng\u1edd c\u1ee7a Wulf, m\u1ed9t l\u00e3nh ch\u00faa Dunlending t\u00e0n nh\u1eabn, nh\u1eb1m tr\u1ea3 th\u00f9 cho c\u00e1i ch\u1ebft c\u1ee7a cha m\u00ecnh. Helm Hammerhand v\u00e0 ng\u01b0\u1eddi d\u00e2n Rohan bu\u1ed9c ph\u1ea3i ph\u00f2ng th\u1ee7 t\u1ea1i th\u00e0nh c\u1ed5 Hornburg.", "genre": "", "rating": ""}, "art": {"fanart": "", "poster": "https://i.imgur.com/gsXirA1.jpeg", "thumb": "https://i.imgur.com/gsXirA1.jpeg"}}, {"label": "Wallace v\u00e0 Gromit: L\u00f4ng V\u0169 B\u00e1o Th\u00f9 - Wallace & Gromit: Vengeance Most Fowl (2025) - [COLOR cyan]tinyurl:[/COLOR] [COLOR yellow][B]77771161[/B][/COLOR]", "is_playable": false, "path": "plugin://plugin.video.vietmediaF?action=play&url=https://www.fshare.vn/folder/WE2RGOSOO6IP", "thumbnail": "https://i.imgur.com/6irxaFU.jpeg", "icon": "https://i.imgur.com/6irxaFU.jpeg", "label2": "", "info": {"plot": "Trong phim, Wallace ph\u00e1t minh m\u1ed9t thi\u1ebft b\u1ecb m\u1edbi \u0111\u1ec3 c\u00e1ch m\u1ea1ng h\u00f3a vi\u1ec7c thu ho\u1ea1ch tr\u1ee9ng, nh\u01b0ng ph\u00e1t minh n\u00e0y v\u00f4 t\u00ecnh l\u00e0m khu\u1ea5y \u0111\u1ed9ng s\u1ef1 gi\u1eadn d\u1eef c\u1ee7a m\u1ed9t b\u1ea7y g\u00e0 si\u00eau th\u00f4ng minh, d\u1eabn \u0111\u1ea7u b\u1edfi ch\u00fa g\u00e0 gian x\u1ea3o t\u00ean Feather McCluck. Feather l\u00ean k\u1ebf ho\u1ea1ch tr\u1ea3 th\u00f9 v\u00ec cho r\u1eb1ng ph\u00e1t minh c\u1ee7a Wallace \u0111e d\u1ecda \u0111\u1ebfn s\u1ef1 t\u1ed3n t\u1ea1i c\u1ee7a lo\u00e0i g\u00e0. Gromit, v\u1edbi s\u1ef1 nh\u1ea1y b\u00e9n v\u00e0 l\u00f2ng trung th\u00e0nh, ph\u1ea3i ra tay \u0111\u1ec3 c\u1ee9u Wallace kh\u1ecfi nh\u1eefng r\u1eafc r\u1ed1i m\u00e0 anh ta v\u00f4 t\u00ecnh g\u00e2y ra. ", "genre": "", "rating": ""}, "art": {"fanart": "", "poster": "https://i.imgur.com/6irxaFU.jpeg", "thumb": "https://i.imgur.com/6irxaFU.jpeg"}}]}